Plant_id,Year,Month,FIN_Material_id,Release_Type_FIN,Prod_Type_FIN,Material_id,Mat_Qty,Release_Type,Prod_Type,Component_id,Comp_Type,Comp_Qty
RLT_10,2024,1,10000,FIN,8002,10000,990.00,FIN,8002,50000,PROD,990.00
RLT_10,2024,1,10000,FIN,8002,50000,859.00,PROD,8002,80070,PROD,879.00
RLT_10,2024,1,10000,FIN,8002,80070,929.00,PROD,8007,80010,PROD,"3,626.00"
RLT_10,2024,1,10000,FIN,8002,80010,"1,726.00",PROD,8001,80000,PROD,"1,818.00"
RLT_10,2024,1,10000,FIN,8002,80000,"1,980.00",PROD,8000,70000,RM,"2,668.00"
RLT_10,2024,1,10000,FIN,8002,80000,"1,980.00",PROD,8000,90005,ADD,68.00
RLT_10,2024,1,10000,FIN,8002,80010,"1,726.00",PROD,8001,90004,ADD,101.00
RLT_10,2024,1,10000,FIN,8002,80070,929.00,PROD,8007,90002,ADD,30.00
RLT_10,2024,1,10000,FIN,8002,80070,929.00,PROD,8007,90003,ADD,11.00
RLT_10,2024,1,10000,FIN,8002,50000,859.00,PROD,8002,90000,ADD,50.00
RLT_10,2024,1,10000,FIN,8002,50000,859.00,PROD,8002,90001,ADD,20.00
RLT_10,2024,2,10000,FIN,8002,10000,960.00,FIN,8002,50000,PROD,960.00
RLT_10,2024,2,10000,FIN,8002,50000,839.00,PROD,8002,80070,PROD,980.00
RLT_10,2024,2,10000,FIN,8002,80070,984.00,PROD,8007,80010,PROD,"3,338.00"
RLT_10,2024,2,10000,FIN,8002,80010,"1,629.00",PROD,8001,80000,PROD,"1,876.00"
RLT_10,2024,2,10000,FIN,8002,80000,"1,829.00",PROD,8000,70000,RM,"2,522.00"
RLT_10,2024,2,10000,FIN,8002,80000,"1,829.00",PROD,8000,90005,ADD,73.00
RLT_10,2024,2,10000,FIN,8002,80010,"1,629.00",PROD,8001,90004,ADD,104.00
RLT_10,2024,2,10000,FIN,8002,80070,984.00,PROD,8007,90002,ADD,33.00
RLT_10,2024,2,10000,FIN,8002,80070,984.00,PROD,8007,90003,ADD,10.00
RLT_10,2024,2,10000,FIN,8002,50000,839.00,PROD,8002,90000,ADD,49.00
RLT_10,2024,2,10000,FIN,8002,50000,839.00,PROD,8002,90001,ADD,22.00
RLT_10,2024,3,10000,FIN,8002,10000,968.00,FIN,8002,50000,PROD,968.00
RLT_10,2024,3,10000,FIN,8002,50000,721.00,PROD,8002,80070,PROD,"1,034.00"
RLT_10,2024,3,10000,FIN,8002,80070,989.00,PROD,8007,80010,PROD,"3,555.00"
RLT_10,2024,3,10000,FIN,8002,80010,"1,954.00",PROD,8001,80000,PROD,"2,192.00"
RLT_10,2024,3,10000,FIN,8002,80000,"2,002.00",PROD,8000,70000,RM,"2,724.00"
RLT_10,2024,3,10000,FIN,8002,80000,"2,002.00",PROD,8000,90005,ADD,76.00
RLT_10,2024,3,10000,FIN,8002,80010,"1,954.00",PROD,8001,90004,ADD,96.00
RLT_10,2024,3,10000,FIN,8002,80070,989.00,PROD,8007,90002,ADD,32.00
RLT_10,2024,3,10000,FIN,8002,80070,989.00,PROD,8007,90003,ADD,11.00
RLT_10,2024,3,10000,FIN,8002,50000,721.00,PROD,8002,90000,ADD,46.00
RLT_10,2024,3,10000,FIN,8002,50000,721.00,PROD,8002,90001,ADD,22.00
RLT_10,2024,4,10000,FIN,8002,10000,"1,006.00",FIN,8002,50000,PROD,"1,006.00"
RLT_10,2024,4,10000,FIN,8002,50000,783.00,PROD,8002,80070,PROD,865.00
RLT_10,2024,4,10000,FIN,8002,80070,896.00,PROD,8007,80010,PROD,"3,541.00"
RLT_10,2024,4,10000,FIN,8002,80010,"1,781.00",PROD,8001,80000,PROD,"1,849.00"
RLT_10,2024,4,10000,FIN,8002,80000,"1,955.00",PROD,8000,70000,RM,"2,729.00"
RLT_10,2024,4,10000,FIN,8002,80000,"1,955.00",PROD,8000,90005,ADD,70.00
RLT_10,2024,4,10000,FIN,8002,80010,"1,781.00",PROD,8001,90004,ADD,98.00
RLT_10,2024,4,10000,FIN,8002,80070,896.00,PROD,8007,90002,ADD,30.00
RLT_10,2024,4,10000,FIN,8002,80070,896.00,PROD,8007,90003,ADD,9.00
RLT_10,2024,4,10000,FIN,8002,50000,783.00,PROD,8002,90000,ADD,46.00
RLT_10,2024,4,10000,FIN,8002,50000,783.00,PROD,8002,90001,ADD,19.00
RLT_10,2024,5,10000,FIN,8002,10000,"1,004.00",FIN,8002,50000,PROD,"1,004.00"
RLT_10,2024,5,10000,FIN,8002,50000,750.00,PROD,8002,80070,PROD,937.00
RLT_10,2024,5,10000,FIN,8002,80070,929.00,PROD,8007,80010,PROD,"3,440.00"
RLT_10,2024,5,10000,FIN,8002,80010,"1,742.00",PROD,8001,80000,PROD,"2,073.00"
RLT_10,2024,5,10000,FIN,8002,80000,"2,077.00",PROD,8000,70000,RM,"2,714.00"
RLT_10,2024,5,10000,FIN,8002,80000,"2,077.00",PROD,8000,90005,ADD,63.00
RLT_10,2024,5,10000,FIN,8002,80010,"1,742.00",PROD,8001,90004,ADD,109.00
RLT_10,2024,5,10000,FIN,8002,80070,929.00,PROD,8007,90002,ADD,29.00
RLT_10,2024,5,10000,FIN,8002,80070,929.00,PROD,8007,90003,ADD,10.00
RLT_10,2024,5,10000,FIN,8002,50000,750.00,PROD,8002,90000,ADD,51.00
RLT_10,2024,5,10000,FIN,8002,50000,750.00,PROD,8002,90001,ADD,21.00
RLT_10,2024,6,10000,FIN,8002,10000,906.00,FIN,8002,50000,PROD,906.00
RLT_10,2024,6,10000,FIN,8002,50000,826.00,PROD,8002,80070,PROD,993.00
RLT_10,2024,6,10000,FIN,8002,80070,905.00,PROD,8007,80010,PROD,"3,576.00"
RLT_10,2024,6,10000,FIN,8002,80010,"1,730.00",PROD,8001,80000,PROD,"1,910.00"
RLT_10,2024,6,10000,FIN,8002,80000,"1,830.00",PROD,8000,70000,RM,"2,344.00"
RLT_10,2024,6,10000,FIN,8002,80000,"1,830.00",PROD,8000,90005,ADD,71.00
RLT_10,2024,6,10000,FIN,8002,80010,"1,730.00",PROD,8001,90004,ADD,98.00
RLT_10,2024,6,10000,FIN,8002,80070,905.00,PROD,8007,90002,ADD,32.00
RLT_10,2024,6,10000,FIN,8002,80070,905.00,PROD,8007,90003,ADD,10.00
RLT_10,2024,6,10000,FIN,8002,50000,826.00,PROD,8002,90000,ADD,52.00
RLT_10,2024,6,10000,FIN,8002,50000,826.00,PROD,8002,90001,ADD,20.00
RLT_10,2024,7,10000,FIN,8002,10000,983.00,FIN,8002,50000,PROD,983.00
RLT_10,2024,7,10000,FIN,8002,50000,796.00,PROD,8002,80070,PROD,972.00
RLT_10,2024,7,10000,FIN,8002,80070,900.00,PROD,8007,80010,PROD,"3,951.00"
RLT_10,2024,7,10000,FIN,8002,80010,"1,963.00",PROD,8001,80000,PROD,"1,974.00"
RLT_10,2024,7,10000,FIN,8002,80000,"2,157.00",PROD,8000,70000,RM,"2,451.00"
RLT_10,2024,7,10000,FIN,8002,80000,"2,157.00",PROD,8000,90005,ADD,69.00
RLT_10,2024,7,10000,FIN,8002,80010,"1,963.00",PROD,8001,90004,ADD,109.00
RLT_10,2024,7,10000,FIN,8002,80070,900.00,PROD,8007,90002,ADD,29.00
RLT_10,2024,7,10000,FIN,8002,80070,900.00,PROD,8007,90003,ADD,10.00
RLT_10,2024,7,10000,FIN,8002,50000,796.00,PROD,8002,90000,ADD,49.00
RLT_10,2024,7,10000,FIN,8002,50000,796.00,PROD,8002,90001,ADD,19.00
RLT_10,2024,8,10000,FIN,8002,10000,913.00,FIN,8002,50000,PROD,913.00
RLT_10,2024,8,10000,FIN,8002,50000,832.00,PROD,8002,80070,PROD,876.00
RLT_10,2024,8,10000,FIN,8002,80070,821.00,PROD,8007,80010,PROD,"3,059.00"
RLT_10,2024,8,10000,FIN,8002,80010,"1,625.00",PROD,8001,80000,PROD,"2,198.00"
RLT_10,2024,8,10000,FIN,8002,80000,"2,041.00",PROD,8000,70000,RM,"2,420.00"
RLT_10,2024,8,10000,FIN,8002,80000,"2,041.00",PROD,8000,90005,ADD,68.00
RLT_10,2024,8,10000,FIN,8002,80010,"1,625.00",PROD,8001,90004,ADD,109.00
RLT_10,2024,8,10000,FIN,8002,80070,821.00,PROD,8007,90002,ADD,27.00
RLT_10,2024,8,10000,FIN,8002,80070,821.00,PROD,8007,90003,ADD,10.00
RLT_10,2024,8,10000,FIN,8002,50000,832.00,PROD,8002,90000,ADD,51.00
RLT_10,2024,8,10000,FIN,8002,50000,832.00,PROD,8002,90001,ADD,19.00
RLT_10,2024,9,10000,FIN,8002,10000,"1,006.00",FIN,8002,50000,PROD,"1,006.00"
RLT_10,2024,9,10000,FIN,8002,50000,834.00,PROD,8002,80070,PROD,835.00
RLT_10,2024,9,10000,FIN,8002,80070,870.00,PROD,8007,80010,PROD,"3,171.00"
RLT_10,2024,9,10000,FIN,8002,80010,"1,706.00",PROD,8001,80000,PROD,"1,740.00"
RLT_10,2024,9,10000,FIN,8002,80000,"1,846.00",PROD,8000,70000,RM,"2,182.00"
RLT_10,2024,9,10000,FIN,8002,80000,"1,846.00",PROD,8000,90005,ADD,71.00
RLT_10,2024,9,10000,FIN,8002,80010,"1,706.00",PROD,8001,90004,ADD,109.00
RLT_10,2024,9,10000,FIN,8002,80070,870.00,PROD,8007,90002,ADD,27.00
RLT_10,2024,9,10000,FIN,8002,80070,870.00,PROD,8007,90003,ADD,10.00
RLT_10,2024,9,10000,FIN,8002,50000,834.00,PROD,8002,90000,ADD,48.00
RLT_10,2024,9,10000,FIN,8002,50000,834.00,PROD,8002,90001,ADD,19.00
RLT_10,2024,10,10000,FIN,8002,10000,960.00,FIN,8002,50000,PROD,960.00
RLT_10,2024,10,10000,FIN,8002,50000,810.00,PROD,8002,80070,PROD,933.00
RLT_10,2024,10,10000,FIN,8002,80070,894.00,PROD,8007,80010,PROD,"3,889.00"
RLT_10,2024,10,10000,FIN,8002,80010,"1,803.00",PROD,8001,80000,PROD,"1,814.00"
RLT_10,2024,10,10000,FIN,8002,80000,"1,845.00",PROD,8000,70000,RM,"2,545.00"
RLT_10,2024,10,10000,FIN,8002,80000,"1,845.00",PROD,8000,90005,ADD,70.00
RLT_10,2024,10,10000,FIN,8002,80010,"1,803.00",PROD,8001,90004,ADD,102.00
RLT_10,2024,10,10000,FIN,8002,80070,894.00,PROD,8007,90002,ADD,31.00
RLT_10,2024,10,10000,FIN,8002,80070,894.00,PROD,8007,90003,ADD,11.00
RLT_10,2024,10,10000,FIN,8002,50000,810.00,PROD,8002,90000,ADD,55.00
RLT_10,2024,10,10000,FIN,8002,50000,810.00,PROD,8002,90001,ADD,20.00
RLT_10,2024,11,10000,FIN,8002,10000,955.00,FIN,8002,50000,PROD,955.00
RLT_10,2024,11,10000,FIN,8002,50000,733.00,PROD,8002,80070,PROD,992.00
RLT_10,2024,11,10000,FIN,8002,80070,924.00,PROD,8007,80010,PROD,"3,179.00"
RLT_10,2024,11,10000,FIN,8002,80010,"1,705.00",PROD,8001,80000,PROD,"2,232.00"
RLT_10,2024,11,10000,FIN,8002,80000,"2,109.00",PROD,8000,70000,RM,"2,643.00"
RLT_10,2024,11,10000,FIN,8002,80000,"2,109.00",PROD,8000,90005,ADD,66.00
RLT_10,2024,11,10000,FIN,8002,80010,"1,705.00",PROD,8001,90004,ADD,109.00
RLT_10,2024,11,10000,FIN,8002,80070,924.00,PROD,8007,90002,ADD,28.00
RLT_10,2024,11,10000,FIN,8002,80070,924.00,PROD,8007,90003,ADD,10.00
RLT_10,2024,11,10000,FIN,8002,50000,733.00,PROD,8002,90000,ADD,48.00
RLT_10,2024,11,10000,FIN,8002,50000,733.00,PROD,8002,90001,ADD,21.00
RLT_10,2024,12,10000,FIN,8002,10000,"1,057.00",FIN,8002,50000,PROD,"1,057.00"
RLT_10,2024,12,10000,FIN,8002,50000,755.00,PROD,8002,80070,PROD,"1,007.00"
RLT_10,2024,12,10000,FIN,8002,80070,987.00,PROD,8007,80010,PROD,"3,444.00"
RLT_10,2024,12,10000,FIN,8002,80010,"1,649.00",PROD,8001,80000,PROD,"1,684.00"
RLT_10,2024,12,10000,FIN,8002,80000,"1,807.00",PROD,8000,70000,RM,"2,556.00"
RLT_10,2024,12,10000,FIN,8002,80000,"1,807.00",PROD,8000,90005,ADD,64.00
RLT_10,2024,12,10000,FIN,8002,80010,"1,649.00",PROD,8001,90004,ADD,98.00
RLT_10,2024,12,10000,FIN,8002,80070,987.00,PROD,8007,90002,ADD,27.00
RLT_10,2024,12,10000,FIN,8002,80070,987.00,PROD,8007,90003,ADD,9.00
RLT_10,2024,12,10000,FIN,8002,50000,755.00,PROD,8002,90000,ADD,53.00
RLT_10,2024,12,10000,FIN,8002,50000,755.00,PROD,8002,90001,ADD,20.00
RLT_10,2024,1,10001,FIN,8002,10001,975.00,FIN,8002,50001,PROD,975.00
RLT_10,2024,1,10001,FIN,8002,50001,739.00,PROD,8002,80071,PROD,808.00
RLT_10,2024,1,10001,FIN,8002,80071,897.00,PROD,8007,80011,PROD,"3,541.00"
RLT_10,2024,1,10001,FIN,8002,80011,"1,670.00",PROD,8001,80001,PROD,"1,909.00"
RLT_10,2024,1,10001,FIN,8002,80001,"1,904.00",PROD,8000,70001,RM,"2,803.00"
RLT_10,2024,1,10001,FIN,8002,80001,"1,904.00",PROD,8000,90010,ADD,72.00
RLT_10,2024,1,10001,FIN,8002,80011,"1,670.00",PROD,8001,90009,ADD,96.00
RLT_10,2024,1,10001,FIN,8002,80071,897.00,PROD,8007,90007,ADD,29.00
RLT_10,2024,1,10001,FIN,8002,80071,897.00,PROD,8007,90008,ADD,11.00
RLT_10,2024,1,10001,FIN,8002,50001,739.00,PROD,8002,90005,ADD,49.00
RLT_10,2024,1,10001,FIN,8002,50001,739.00,PROD,8002,90006,ADD,21.00
RLT_10,2024,2,10001,FIN,8002,10001,"1,050.00",FIN,8002,50001,PROD,"1,050.00"
RLT_10,2024,2,10001,FIN,8002,50001,811.00,PROD,8002,80071,PROD,879.00
RLT_10,2024,2,10001,FIN,8002,80071,875.00,PROD,8007,80011,PROD,"3,021.00"
RLT_10,2024,2,10001,FIN,8002,80011,"1,635.00",PROD,8001,80001,PROD,"2,130.00"
RLT_10,2024,2,10001,FIN,8002,80001,"2,144.00",PROD,8000,70001,RM,"2,538.00"
RLT_10,2024,2,10001,FIN,8002,80001,"2,144.00",PROD,8000,90010,ADD,73.00
RLT_10,2024,2,10001,FIN,8002,80011,"1,635.00",PROD,8001,90009,ADD,107.00
RLT_10,2024,2,10001,FIN,8002,80071,875.00,PROD,8007,90007,ADD,29.00
RLT_10,2024,2,10001,FIN,8002,80071,875.00,PROD,8007,90008,ADD,11.00
RLT_10,2024,2,10001,FIN,8002,50001,811.00,PROD,8002,90005,ADD,48.00
RLT_10,2024,2,10001,FIN,8002,50001,811.00,PROD,8002,90006,ADD,20.00
RLT_10,2024,3,10001,FIN,8002,10001,955.00,FIN,8002,50001,PROD,955.00
RLT_10,2024,3,10001,FIN,8002,50001,795.00,PROD,8002,80071,PROD,818.00
RLT_10,2024,3,10001,FIN,8002,80071,894.00,PROD,8007,80011,PROD,"3,359.00"
RLT_10,2024,3,10001,FIN,8002,80011,"1,708.00",PROD,8001,80001,PROD,"2,035.00"
RLT_10,2024,3,10001,FIN,8002,80001,"1,854.00",PROD,8000,70001,RM,"2,677.00"
RLT_10,2024,3,10001,FIN,8002,80001,"1,854.00",PROD,8000,90010,ADD,68.00
RLT_10,2024,3,10001,FIN,8002,80011,"1,708.00",PROD,8001,90009,ADD,91.00
RLT_10,2024,3,10001,FIN,8002,80071,894.00,PROD,8007,90007,ADD,33.00
RLT_10,2024,3,10001,FIN,8002,80071,894.00,PROD,8007,90008,ADD,9.00
RLT_10,2024,3,10001,FIN,8002,50001,795.00,PROD,8002,90005,ADD,46.00
RLT_10,2024,3,10001,FIN,8002,50001,795.00,PROD,8002,90006,ADD,20.00
RLT_10,2024,4,10001,FIN,8002,10001,"1,070.00",FIN,8002,50001,PROD,"1,070.00"
RLT_10,2024,4,10001,FIN,8002,50001,805.00,PROD,8002,80071,PROD,927.00
RLT_10,2024,4,10001,FIN,8002,80071,848.00,PROD,8007,80011,PROD,"3,447.00"
RLT_10,2024,4,10001,FIN,8002,80011,"1,862.00",PROD,8001,80001,PROD,"2,031.00"
RLT_10,2024,4,10001,FIN,8002,80001,"2,075.00",PROD,8000,70001,RM,"2,616.00"
RLT_10,2024,4,10001,FIN,8002,80001,"2,075.00",PROD,8000,90010,ADD,65.00
RLT_10,2024,4,10001,FIN,8002,80011,"1,862.00",PROD,8001,90009,ADD,110.00
RLT_10,2024,4,10001,FIN,8002,80071,848.00,PROD,8007,90007,ADD,30.00
RLT_10,2024,4,10001,FIN,8002,80071,848.00,PROD,8007,90008,ADD,10.00
RLT_10,2024,4,10001,FIN,8002,50001,805.00,PROD,8002,90005,ADD,53.00
RLT_10,2024,4,10001,FIN,8002,50001,805.00,PROD,8002,90006,ADD,20.00
RLT_10,2024,5,10001,FIN,8002,10001,954.00,FIN,8002,50001,PROD,954.00
RLT_10,2024,5,10001,FIN,8002,50001,757.00,PROD,8002,80071,PROD,881.00
RLT_10,2024,5,10001,FIN,8002,80071,857.00,PROD,8007,80011,PROD,"3,270.00"
RLT_10,2024,5,10001,FIN,8002,80011,"1,630.00",PROD,8001,80001,PROD,"2,105.00"
RLT_10,2024,5,10001,FIN,8002,80001,"2,166.00",PROD,8000,70001,RM,"2,638.00"
RLT_10,2024,5,10001,FIN,8002,80001,"2,166.00",PROD,8000,90010,ADD,74.00
RLT_10,2024,5,10001,FIN,8002,80011,"1,630.00",PROD,8001,90009,ADD,109.00
RLT_10,2024,5,10001,FIN,8002,80071,857.00,PROD,8007,90007,ADD,32.00
RLT_10,2024,5,10001,FIN,8002,80071,857.00,PROD,8007,90008,ADD,11.00
RLT_10,2024,5,10001,FIN,8002,50001,757.00,PROD,8002,90005,ADD,50.00
RLT_10,2024,5,10001,FIN,8002,50001,757.00,PROD,8002,90006,ADD,19.00
RLT_10,2024,6,10001,FIN,8002,10001,901.00,FIN,8002,50001,PROD,901.00
RLT_10,2024,6,10001,FIN,8002,50001,764.00,PROD,8002,80071,PROD,984.00
RLT_10,2024,6,10001,FIN,8002,80071,988.00,PROD,8007,80011,PROD,"3,803.00"
RLT_10,2024,6,10001,FIN,8002,80011,"1,772.00",PROD,8001,80001,PROD,"2,364.00"
RLT_10,2024,6,10001,FIN,8002,80001,"2,185.00",PROD,8000,70001,RM,"2,117.00"
RLT_10,2024,6,10001,FIN,8002,80001,"2,185.00",PROD,8000,90010,ADD,68.00
RLT_10,2024,6,10001,FIN,8002,80011,"1,772.00",PROD,8001,90009,ADD,98.00
RLT_10,2024,6,10001,FIN,8002,80071,988.00,PROD,8007,90007,ADD,32.00
RLT_10,2024,6,10001,FIN,8002,80071,988.00,PROD,8007,90008,ADD,11.00
RLT_10,2024,6,10001,FIN,8002,50001,764.00,PROD,8002,90005,ADD,45.00
RLT_10,2024,6,10001,FIN,8002,50001,764.00,PROD,8002,90006,ADD,20.00
RLT_10,2024,7,10001,FIN,8002,10001,"1,054.00",FIN,8002,50001,PROD,"1,054.00"
RLT_10,2024,7,10001,FIN,8002,50001,764.00,PROD,8002,80071,PROD,803.00
RLT_10,2024,7,10001,FIN,8002,80071,870.00,PROD,8007,80011,PROD,"3,842.00"
RLT_10,2024,7,10001,FIN,8002,80011,"1,773.00",PROD,8001,80001,PROD,"2,033.00"
RLT_10,2024,7,10001,FIN,8002,80001,"1,944.00",PROD,8000,70001,RM,"2,641.00"
RLT_10,2024,7,10001,FIN,8002,80001,"1,944.00",PROD,8000,90010,ADD,75.00
RLT_10,2024,7,10001,FIN,8002,80011,"1,773.00",PROD,8001,90009,ADD,94.00
RLT_10,2024,7,10001,FIN,8002,80071,870.00,PROD,8007,90007,ADD,32.00
RLT_10,2024,7,10001,FIN,8002,80071,870.00,PROD,8007,90008,ADD,10.00
RLT_10,2024,7,10001,FIN,8002,50001,764.00,PROD,8002,90005,ADD,49.00
RLT_10,2024,7,10001,FIN,8002,50001,764.00,PROD,8002,90006,ADD,20.00
RLT_10,2024,8,10001,FIN,8002,10001,"1,044.00",FIN,8002,50001,PROD,"1,044.00"
RLT_10,2024,8,10001,FIN,8002,50001,747.00,PROD,8002,80071,PROD,942.00
RLT_10,2024,8,10001,FIN,8002,80071,977.00,PROD,8007,80011,PROD,"3,835.00"
RLT_10,2024,8,10001,FIN,8002,80011,"1,922.00",PROD,8001,80001,PROD,"1,928.00"
RLT_10,2024,8,10001,FIN,8002,80001,"1,931.00",PROD,8000,70001,RM,"2,797.00"
RLT_10,2024,8,10001,FIN,8002,80001,"1,931.00",PROD,8000,90010,ADD,68.00
RLT_10,2024,8,10001,FIN,8002,80011,"1,922.00",PROD,8001,90009,ADD,99.00
RLT_10,2024,8,10001,FIN,8002,80071,977.00,PROD,8007,90007,ADD,29.00
RLT_10,2024,8,10001,FIN,8002,80071,977.00,PROD,8007,90008,ADD,10.00
RLT_10,2024,8,10001,FIN,8002,50001,747.00,PROD,8002,90005,ADD,47.00
RLT_10,2024,8,10001,FIN,8002,50001,747.00,PROD,8002,90006,ADD,19.00
RLT_10,2024,9,10001,FIN,8002,10001,941.00,FIN,8002,50001,PROD,941.00
RLT_10,2024,9,10001,FIN,8002,50001,861.00,PROD,8002,80071,PROD,"1,018.00"
RLT_10,2024,9,10001,FIN,8002,80071,958.00,PROD,8007,80011,PROD,"3,219.00"
RLT_10,2024,9,10001,FIN,8002,80011,"1,707.00",PROD,8001,80001,PROD,"2,108.00"
RLT_10,2024,9,10001,FIN,8002,80001,"1,950.00",PROD,8000,70001,RM,"2,429.00"
RLT_10,2024,9,10001,FIN,8002,80001,"1,950.00",PROD,8000,90010,ADD,66.00
RLT_10,2024,9,10001,FIN,8002,80011,"1,707.00",PROD,8001,90009,ADD,101.00
RLT_10,2024,9,10001,FIN,8002,80071,958.00,PROD,8007,90007,ADD,32.00
RLT_10,2024,9,10001,FIN,8002,80071,958.00,PROD,8007,90008,ADD,10.00
RLT_10,2024,9,10001,FIN,8002,50001,861.00,PROD,8002,90005,ADD,47.00
RLT_10,2024,9,10001,FIN,8002,50001,861.00,PROD,8002,90006,ADD,21.00
RLT_10,2024,10,10001,FIN,8002,10001,"1,049.00",FIN,8002,50001,PROD,"1,049.00"
RLT_10,2024,10,10001,FIN,8002,50001,810.00,PROD,8002,80071,PROD,876.00
RLT_10,2024,10,10001,FIN,8002,80071,811.00,PROD,8007,80011,PROD,"3,890.00"
RLT_10,2024,10,10001,FIN,8002,80011,"1,895.00",PROD,8001,80001,PROD,"2,103.00"
RLT_10,2024,10,10001,FIN,8002,80001,"2,045.00",PROD,8000,70001,RM,"2,287.00"
RLT_10,2024,10,10001,FIN,8002,80001,"2,045.00",PROD,8000,90010,ADD,67.00
RLT_10,2024,10,10001,FIN,8002,80011,"1,895.00",PROD,8001,90009,ADD,107.00
RLT_10,2024,10,10001,FIN,8002,80071,811.00,PROD,8007,90007,ADD,30.00
RLT_10,2024,10,10001,FIN,8002,80071,811.00,PROD,8007,90008,ADD,10.00
RLT_10,2024,10,10001,FIN,8002,50001,810.00,PROD,8002,90005,ADD,51.00
RLT_10,2024,10,10001,FIN,8002,50001,810.00,PROD,8002,90006,ADD,19.00
RLT_10,2024,11,10001,FIN,8002,10001,949.00,FIN,8002,50001,PROD,949.00
RLT_10,2024,11,10001,FIN,8002,50001,840.00,PROD,8002,80071,PROD,966.00
RLT_10,2024,11,10001,FIN,8002,80071,927.00,PROD,8007,80011,PROD,"3,601.00"
RLT_10,2024,11,10001,FIN,8002,80011,"1,946.00",PROD,8001,80001,PROD,"1,938.00"
RLT_10,2024,11,10001,FIN,8002,80001,"1,859.00",PROD,8000,70001,RM,"2,558.00"
RLT_10,2024,11,10001,FIN,8002,80001,"1,859.00",PROD,8000,90010,ADD,69.00
RLT_10,2024,11,10001,FIN,8002,80011,"1,946.00",PROD,8001,90009,ADD,100.00
RLT_10,2024,11,10001,FIN,8002,80071,927.00,PROD,8007,90007,ADD,30.00
RLT_10,2024,11,10001,FIN,8002,80071,927.00,PROD,8007,90008,ADD,10.00
RLT_10,2024,11,10001,FIN,8002,50001,840.00,PROD,8002,90005,ADD,49.00
RLT_10,2024,11,10001,FIN,8002,50001,840.00,PROD,8002,90006,ADD,20.00
RLT_10,2024,12,10001,FIN,8002,10001,"1,081.00",FIN,8002,50001,PROD,"1,081.00"
RLT_10,2024,12,10001,FIN,8002,50001,794.00,PROD,8002,80071,PROD,857.00
RLT_10,2024,12,10001,FIN,8002,80071,849.00,PROD,8007,80011,PROD,"3,822.00"
RLT_10,2024,12,10001,FIN,8002,80011,"1,780.00",PROD,8001,80001,PROD,"2,046.00"
RLT_10,2024,12,10001,FIN,8002,80001,"2,181.00",PROD,8000,70001,RM,"2,523.00"
RLT_10,2024,12,10001,FIN,8002,80001,"2,181.00",PROD,8000,90010,ADD,65.00
RLT_10,2024,12,10001,FIN,8002,80011,"1,780.00",PROD,8001,90009,ADD,102.00
RLT_10,2024,12,10001,FIN,8002,80071,849.00,PROD,8007,90007,ADD,27.00
RLT_10,2024,12,10001,FIN,8002,80071,849.00,PROD,8007,90008,ADD,9.00
RLT_10,2024,12,10001,FIN,8002,50001,794.00,PROD,8002,90005,ADD,51.00
RLT_10,2024,12,10001,FIN,8002,50001,794.00,PROD,8002,90006,ADD,21.00
RLT_14,2024,1,10002,FIN,8002,10002,"1,032.00",FIN,8002,50002,PROD,"1,032.00"
RLT_14,2024,1,10002,FIN,8002,50002,790.00,PROD,8002,80072,PROD,928.00
RLT_14,2024,1,10002,FIN,8002,80072,868.00,PROD,8007,80012,PROD,"3,471.00"
RLT_14,2024,1,10002,FIN,8002,80012,"1,825.00",PROD,8001,80002,PROD,"2,301.00"
RLT_14,2024,1,10002,FIN,8002,80002,"2,136.00",PROD,8000,70002,RM,"2,860.00"
RLT_14,2024,1,10002,FIN,8002,80002,"2,136.00",PROD,8000,90015,ADD,70.00
RLT_14,2024,1,10002,FIN,8002,80012,"1,825.00",PROD,8001,90014,ADD,92.00
RLT_14,2024,1,10002,FIN,8002,80072,868.00,PROD,8007,90012,ADD,32.00
RLT_14,2024,1,10002,FIN,8002,80072,868.00,PROD,8007,90013,ADD,9.00
RLT_14,2024,1,10002,FIN,8002,50002,790.00,PROD,8002,90010,ADD,52.00
RLT_14,2024,1,10002,FIN,8002,50002,790.00,PROD,8002,90011,ADD,18.00
RLT_14,2024,2,10002,FIN,8002,10002,"1,084.00",FIN,8002,50002,PROD,"1,084.00"
RLT_14,2024,2,10002,FIN,8002,50002,873.00,PROD,8002,80072,PROD,873.00
RLT_14,2024,2,10002,FIN,8002,80072,815.00,PROD,8007,80012,PROD,"3,812.00"
RLT_14,2024,2,10002,FIN,8002,80012,"1,820.00",PROD,8001,80002,PROD,"1,828.00"
RLT_14,2024,2,10002,FIN,8002,80002,"1,825.00",PROD,8000,70002,RM,"2,175.00"
RLT_14,2024,2,10002,FIN,8002,80002,"1,825.00",PROD,8000,90015,ADD,74.00
RLT_14,2024,2,10002,FIN,8002,80012,"1,820.00",PROD,8001,90014,ADD,99.00
RLT_14,2024,2,10002,FIN,8002,80072,815.00,PROD,8007,90012,ADD,29.00
RLT_14,2024,2,10002,FIN,8002,80072,815.00,PROD,8007,90013,ADD,11.00
RLT_14,2024,2,10002,FIN,8002,50002,873.00,PROD,8002,90010,ADD,52.00
RLT_14,2024,2,10002,FIN,8002,50002,873.00,PROD,8002,90011,ADD,20.00
RLT_14,2024,3,10002,FIN,8002,10002,"1,005.00",FIN,8002,50002,PROD,"1,005.00"
RLT_14,2024,3,10002,FIN,8002,50002,864.00,PROD,8002,80072,PROD,865.00
RLT_14,2024,3,10002,FIN,8002,80072,896.00,PROD,8007,80012,PROD,"3,058.00"
RLT_14,2024,3,10002,FIN,8002,80012,"1,647.00",PROD,8001,80002,PROD,"1,826.00"
RLT_14,2024,3,10002,FIN,8002,80002,"1,945.00",PROD,8000,70002,RM,"2,467.00"
RLT_14,2024,3,10002,FIN,8002,80002,"1,945.00",PROD,8000,90015,ADD,67.00
RLT_14,2024,3,10002,FIN,8002,80012,"1,647.00",PROD,8001,90014,ADD,101.00
RLT_14,2024,3,10002,FIN,8002,80072,896.00,PROD,8007,90012,ADD,28.00
RLT_14,2024,3,10002,FIN,8002,80072,896.00,PROD,8007,90013,ADD,10.00
RLT_14,2024,3,10002,FIN,8002,50002,864.00,PROD,8002,90010,ADD,49.00
RLT_14,2024,3,10002,FIN,8002,50002,864.00,PROD,8002,90011,ADD,20.00
RLT_14,2024,4,10002,FIN,8002,10002,984.00,FIN,8002,50002,PROD,984.00
RLT_14,2024,4,10002,FIN,8002,50002,774.00,PROD,8002,80072,PROD,917.00
RLT_14,2024,4,10002,FIN,8002,80072,859.00,PROD,8007,80012,PROD,"3,313.00"
RLT_14,2024,4,10002,FIN,8002,80012,"1,755.00",PROD,8001,80002,PROD,"2,106.00"
RLT_14,2024,4,10002,FIN,8002,80002,"2,023.00",PROD,8000,70002,RM,"2,525.00"
RLT_14,2024,4,10002,FIN,8002,80002,"2,023.00",PROD,8000,90015,ADD,76.00
RLT_14,2024,4,10002,FIN,8002,80012,"1,755.00",PROD,8001,90014,ADD,107.00
RLT_14,2024,4,10002,FIN,8002,80072,859.00,PROD,8007,90012,ADD,30.00
RLT_14,2024,4,10002,FIN,8002,80072,859.00,PROD,8007,90013,ADD,9.00
RLT_14,2024,4,10002,FIN,8002,50002,774.00,PROD,8002,90010,ADD,46.00
RLT_14,2024,4,10002,FIN,8002,50002,774.00,PROD,8002,90011,ADD,19.00
RLT_14,2024,5,10002,FIN,8002,10002,"1,005.00",FIN,8002,50002,PROD,"1,005.00"
RLT_14,2024,5,10002,FIN,8002,50002,851.00,PROD,8002,80072,PROD,970.00
RLT_14,2024,5,10002,FIN,8002,80072,924.00,PROD,8007,80012,PROD,"3,064.00"
RLT_14,2024,5,10002,FIN,8002,80012,"1,665.00",PROD,8001,80002,PROD,"2,127.00"
RLT_14,2024,5,10002,FIN,8002,80002,"2,063.00",PROD,8000,70002,RM,"2,372.00"
RLT_14,2024,5,10002,FIN,8002,80002,"2,063.00",PROD,8000,90015,ADD,73.00
RLT_14,2024,5,10002,FIN,8002,80012,"1,665.00",PROD,8001,90014,ADD,104.00
RLT_14,2024,5,10002,FIN,8002,80072,924.00,PROD,8007,90012,ADD,33.00
RLT_14,2024,5,10002,FIN,8002,80072,924.00,PROD,8007,90013,ADD,11.00
RLT_14,2024,5,10002,FIN,8002,50002,851.00,PROD,8002,90010,ADD,52.00
RLT_14,2024,5,10002,FIN,8002,50002,851.00,PROD,8002,90011,ADD,19.00
RLT_14,2024,6,10002,FIN,8002,10002,935.00,FIN,8002,50002,PROD,935.00
RLT_14,2024,6,10002,FIN,8002,50002,758.00,PROD,8002,80072,PROD,"1,059.00"
RLT_14,2024,6,10002,FIN,8002,80072,969.00,PROD,8007,80012,PROD,"4,276.00"
RLT_14,2024,6,10002,FIN,8002,80012,"1,979.00",PROD,8001,80002,PROD,"1,944.00"
RLT_14,2024,6,10002,FIN,8002,80002,"1,911.00",PROD,8000,70002,RM,"2,787.00"
RLT_14,2024,6,10002,FIN,8002,80002,"1,911.00",PROD,8000,90015,ADD,72.00
RLT_14,2024,6,10002,FIN,8002,80012,"1,979.00",PROD,8001,90014,ADD,109.00
RLT_14,2024,6,10002,FIN,8002,80072,969.00,PROD,8007,90012,ADD,28.00
RLT_14,2024,6,10002,FIN,8002,80072,969.00,PROD,8007,90013,ADD,10.00
RLT_14,2024,6,10002,FIN,8002,50002,758.00,PROD,8002,90010,ADD,54.00
RLT_14,2024,6,10002,FIN,8002,50002,758.00,PROD,8002,90011,ADD,20.00
RLT_14,2024,7,10002,FIN,8002,10002,973.00,FIN,8002,50002,PROD,973.00
RLT_14,2024,7,10002,FIN,8002,50002,798.00,PROD,8002,80072,PROD,867.00
RLT_14,2024,7,10002,FIN,8002,80072,855.00,PROD,8007,80012,PROD,"3,921.00"
RLT_14,2024,7,10002,FIN,8002,80012,"1,964.00",PROD,8001,80002,PROD,"1,943.00"
RLT_14,2024,7,10002,FIN,8002,80002,"1,865.00",PROD,8000,70002,RM,"2,936.00"
RLT_14,2024,7,10002,FIN,8002,80002,"1,865.00",PROD,8000,90015,ADD,73.00
RLT_14,2024,7,10002,FIN,8002,80012,"1,964.00",PROD,8001,90014,ADD,94.00
RLT_14,2024,7,10002,FIN,8002,80072,855.00,PROD,8007,90012,ADD,29.00
RLT_14,2024,7,10002,FIN,8002,80072,855.00,PROD,8007,90013,ADD,9.00
RLT_14,2024,7,10002,FIN,8002,50002,798.00,PROD,8002,90010,ADD,51.00
RLT_14,2024,7,10002,FIN,8002,50002,798.00,PROD,8002,90011,ADD,20.00
RLT_14,2024,8,10002,FIN,8002,10002,"1,034.00",FIN,8002,50002,PROD,"1,034.00"
RLT_14,2024,8,10002,FIN,8002,50002,844.00,PROD,8002,80072,PROD,868.00
RLT_14,2024,8,10002,FIN,8002,80072,830.00,PROD,8007,80012,PROD,"3,186.00"
RLT_14,2024,8,10002,FIN,8002,80012,"1,725.00",PROD,8001,80002,PROD,"1,904.00"
RLT_14,2024,8,10002,FIN,8002,80002,"1,941.00",PROD,8000,70002,RM,"2,655.00"
RLT_14,2024,8,10002,FIN,8002,80002,"1,941.00",PROD,8000,90015,ADD,64.00
RLT_14,2024,8,10002,FIN,8002,80012,"1,725.00",PROD,8001,90014,ADD,100.00
RLT_14,2024,8,10002,FIN,8002,80072,830.00,PROD,8007,90012,ADD,29.00
RLT_14,2024,8,10002,FIN,8002,80072,830.00,PROD,8007,90013,ADD,10.00
RLT_14,2024,8,10002,FIN,8002,50002,844.00,PROD,8002,90010,ADD,46.00
RLT_14,2024,8,10002,FIN,8002,50002,844.00,PROD,8002,90011,ADD,22.00
RLT_14,2024,9,10002,FIN,8002,10002,"1,040.00",FIN,8002,50002,PROD,"1,040.00"
RLT_14,2024,9,10002,FIN,8002,50002,720.00,PROD,8002,80072,PROD,982.00
RLT_14,2024,9,10002,FIN,8002,80072,977.00,PROD,8007,80012,PROD,"3,226.00"
RLT_14,2024,9,10002,FIN,8002,80012,"1,679.00",PROD,8001,80002,PROD,"1,910.00"
RLT_14,2024,9,10002,FIN,8002,80002,"1,924.00",PROD,8000,70002,RM,"2,434.00"
RLT_14,2024,9,10002,FIN,8002,80002,"1,924.00",PROD,8000,90015,ADD,71.00
RLT_14,2024,9,10002,FIN,8002,80012,"1,679.00",PROD,8001,90014,ADD,91.00
RLT_14,2024,9,10002,FIN,8002,80072,977.00,PROD,8007,90012,ADD,29.00
RLT_14,2024,9,10002,FIN,8002,80072,977.00,PROD,8007,90013,ADD,9.00
RLT_14,2024,9,10002,FIN,8002,50002,720.00,PROD,8002,90010,ADD,52.00
RLT_14,2024,9,10002,FIN,8002,50002,720.00,PROD,8002,90011,ADD,21.00
RLT_14,2024,10,10002,FIN,8002,10002,949.00,FIN,8002,50002,PROD,949.00
RLT_14,2024,10,10002,FIN,8002,50002,745.00,PROD,8002,80072,PROD,820.00
RLT_14,2024,10,10002,FIN,8002,80072,895.00,PROD,8007,80012,PROD,"3,258.00"
RLT_14,2024,10,10002,FIN,8002,80012,"1,686.00",PROD,8001,80002,PROD,"1,847.00"
RLT_14,2024,10,10002,FIN,8002,80002,"1,972.00",PROD,8000,70002,RM,"2,550.00"
RLT_14,2024,10,10002,FIN,8002,80002,"1,972.00",PROD,8000,90015,ADD,64.00
RLT_14,2024,10,10002,FIN,8002,80012,"1,686.00",PROD,8001,90014,ADD,103.00
RLT_14,2024,10,10002,FIN,8002,80072,895.00,PROD,8007,90012,ADD,27.00
RLT_14,2024,10,10002,FIN,8002,80072,895.00,PROD,8007,90013,ADD,11.00
RLT_14,2024,10,10002,FIN,8002,50002,745.00,PROD,8002,90010,ADD,48.00
RLT_14,2024,10,10002,FIN,8002,50002,745.00,PROD,8002,90011,ADD,22.00
RLT_14,2024,11,10002,FIN,8002,10002,"1,069.00",FIN,8002,50002,PROD,"1,069.00"
RLT_14,2024,11,10002,FIN,8002,50002,766.00,PROD,8002,80072,PROD,880.00
RLT_14,2024,11,10002,FIN,8002,80072,816.00,PROD,8007,80012,PROD,"3,251.00"
RLT_14,2024,11,10002,FIN,8002,80012,"1,709.00",PROD,8001,80002,PROD,"1,871.00"
RLT_14,2024,11,10002,FIN,8002,80002,"1,887.00",PROD,8000,70002,RM,"2,766.00"
RLT_14,2024,11,10002,FIN,8002,80002,"1,887.00",PROD,8000,90015,ADD,76.00
RLT_14,2024,11,10002,FIN,8002,80012,"1,709.00",PROD,8001,90014,ADD,100.00
RLT_14,2024,11,10002,FIN,8002,80072,816.00,PROD,8007,90012,ADD,32.00
RLT_14,2024,11,10002,FIN,8002,80072,816.00,PROD,8007,90013,ADD,11.00
RLT_14,2024,11,10002,FIN,8002,50002,766.00,PROD,8002,90010,ADD,49.00
RLT_14,2024,11,10002,FIN,8002,50002,766.00,PROD,8002,90011,ADD,22.00
RLT_14,2024,12,10002,FIN,8002,10002,957.00,FIN,8002,50002,PROD,957.00
RLT_14,2024,12,10002,FIN,8002,50002,820.00,PROD,8002,80072,PROD,998.00
RLT_14,2024,12,10002,FIN,8002,80072,972.00,PROD,8007,80012,PROD,"3,635.00"
RLT_14,2024,12,10002,FIN,8002,80012,"1,956.00",PROD,8001,80002,PROD,"1,909.00"
RLT_14,2024,12,10002,FIN,8002,80002,"1,905.00",PROD,8000,70002,RM,"2,521.00"
RLT_14,2024,12,10002,FIN,8002,80002,"1,905.00",PROD,8000,90015,ADD,63.00
RLT_14,2024,12,10002,FIN,8002,80012,"1,956.00",PROD,8001,90014,ADD,98.00
RLT_14,2024,12,10002,FIN,8002,80072,972.00,PROD,8007,90012,ADD,29.00
RLT_14,2024,12,10002,FIN,8002,80072,972.00,PROD,8007,90013,ADD,10.00
RLT_14,2024,12,10002,FIN,8002,50002,820.00,PROD,8002,90010,ADD,52.00
RLT_14,2024,12,10002,FIN,8002,50002,820.00,PROD,8002,90011,ADD,19.00
RLT_14,2024,1,10003,FIN,8002,10003,"1,030.00",FIN,8002,50003,PROD,"1,030.00"
RLT_14,2024,1,10003,FIN,8002,50003,819.00,PROD,8002,80073,PROD,976.00
RLT_14,2024,1,10003,FIN,8002,80073,963.00,PROD,8007,80013,PROD,"3,475.00"
RLT_14,2024,1,10003,FIN,8002,80013,"1,897.00",PROD,8001,80003,PROD,"1,688.00"
RLT_14,2024,1,10003,FIN,8002,80003,"1,803.00",PROD,8000,70003,RM,"2,522.00"
RLT_14,2024,1,10003,FIN,8002,80003,"1,803.00",PROD,8000,90020,ADD,66.00
RLT_14,2024,1,10003,FIN,8002,80013,"1,897.00",PROD,8001,90019,ADD,97.00
RLT_14,2024,1,10003,FIN,8002,80073,963.00,PROD,8007,90017,ADD,28.00
RLT_14,2024,1,10003,FIN,8002,80073,963.00,PROD,8007,90018,ADD,10.00
RLT_14,2024,1,10003,FIN,8002,50003,819.00,PROD,8002,90015,ADD,54.00
RLT_14,2024,1,10003,FIN,8002,50003,819.00,PROD,8002,90016,ADD,21.00
RLT_14,2024,2,10003,FIN,8002,10003,951.00,FIN,8002,50003,PROD,951.00
RLT_14,2024,2,10003,FIN,8002,50003,768.00,PROD,8002,80073,PROD,783.00
RLT_14,2024,2,10003,FIN,8002,80073,860.00,PROD,8007,80013,PROD,"4,022.00"
RLT_14,2024,2,10003,FIN,8002,80013,"1,926.00",PROD,8001,80003,PROD,"1,985.00"
RLT_14,2024,2,10003,FIN,8002,80003,"1,868.00",PROD,8000,70003,RM,"2,561.00"
RLT_14,2024,2,10003,FIN,8002,80003,"1,868.00",PROD,8000,90020,ADD,70.00
RLT_14,2024,2,10003,FIN,8002,80013,"1,926.00",PROD,8001,90019,ADD,106.00
RLT_14,2024,2,10003,FIN,8002,80073,860.00,PROD,8007,90017,ADD,32.00
RLT_14,2024,2,10003,FIN,8002,80073,860.00,PROD,8007,90018,ADD,10.00
RLT_14,2024,2,10003,FIN,8002,50003,768.00,PROD,8002,90015,ADD,51.00
RLT_14,2024,2,10003,FIN,8002,50003,768.00,PROD,8002,90016,ADD,22.00
RLT_14,2024,3,10003,FIN,8002,10003,"1,089.00",FIN,8002,50003,PROD,"1,089.00"
RLT_14,2024,3,10003,FIN,8002,50003,844.00,PROD,8002,80073,PROD,941.00
RLT_14,2024,3,10003,FIN,8002,80073,905.00,PROD,8007,80013,PROD,"3,641.00"
RLT_14,2024,3,10003,FIN,8002,80013,"1,820.00",PROD,8001,80003,PROD,"1,885.00"
RLT_14,2024,3,10003,FIN,8002,80003,"1,923.00",PROD,8000,70003,RM,"2,328.00"
RLT_14,2024,3,10003,FIN,8002,80003,"1,923.00",PROD,8000,90020,ADD,68.00
RLT_14,2024,3,10003,FIN,8002,80013,"1,820.00",PROD,8001,90019,ADD,108.00
RLT_14,2024,3,10003,FIN,8002,80073,905.00,PROD,8007,90017,ADD,32.00
RLT_14,2024,3,10003,FIN,8002,80073,905.00,PROD,8007,90018,ADD,10.00
RLT_14,2024,3,10003,FIN,8002,50003,844.00,PROD,8002,90015,ADD,55.00
RLT_14,2024,3,10003,FIN,8002,50003,844.00,PROD,8002,90016,ADD,22.00
RLT_14,2024,4,10003,FIN,8002,10003,"1,047.00",FIN,8002,50003,PROD,"1,047.00"
RLT_14,2024,4,10003,FIN,8002,50003,780.00,PROD,8002,80073,PROD,878.00
RLT_14,2024,4,10003,FIN,8002,80073,842.00,PROD,8007,80013,PROD,"3,353.00"
RLT_14,2024,4,10003,FIN,8002,80013,"1,749.00",PROD,8001,80003,PROD,"1,940.00"
RLT_14,2024,4,10003,FIN,8002,80003,"2,049.00",PROD,8000,70003,RM,"2,644.00"
RLT_14,2024,4,10003,FIN,8002,80003,"2,049.00",PROD,8000,90020,ADD,76.00
RLT_14,2024,4,10003,FIN,8002,80013,"1,749.00",PROD,8001,90019,ADD,102.00
RLT_14,2024,4,10003,FIN,8002,80073,842.00,PROD,8007,90017,ADD,30.00
RLT_14,2024,4,10003,FIN,8002,80073,842.00,PROD,8007,90018,ADD,10.00
RLT_14,2024,4,10003,FIN,8002,50003,780.00,PROD,8002,90015,ADD,51.00
RLT_14,2024,4,10003,FIN,8002,50003,780.00,PROD,8002,90016,ADD,22.00
RLT_14,2024,5,10003,FIN,8002,10003,"1,006.00",FIN,8002,50003,PROD,"1,006.00"
RLT_14,2024,5,10003,FIN,8002,50003,830.00,PROD,8002,80073,PROD,883.00
RLT_14,2024,5,10003,FIN,8002,80073,964.00,PROD,8007,80013,PROD,"3,545.00"
RLT_14,2024,5,10003,FIN,8002,80013,"1,667.00",PROD,8001,80003,PROD,"2,058.00"
RLT_14,2024,5,10003,FIN,8002,80003,"2,142.00",PROD,8000,70003,RM,"2,926.00"
RLT_14,2024,5,10003,FIN,8002,80003,"2,142.00",PROD,8000,90020,ADD,64.00
RLT_14,2024,5,10003,FIN,8002,80013,"1,667.00",PROD,8001,90019,ADD,107.00
RLT_14,2024,5,10003,FIN,8002,80073,964.00,PROD,8007,90017,ADD,32.00
RLT_14,2024,5,10003,FIN,8002,80073,964.00,PROD,8007,90018,ADD,9.00
RLT_14,2024,5,10003,FIN,8002,50003,830.00,PROD,8002,90015,ADD,47.00
RLT_14,2024,5,10003,FIN,8002,50003,830.00,PROD,8002,90016,ADD,19.00
RLT_14,2024,6,10003,FIN,8002,10003,922.00,FIN,8002,50003,PROD,922.00
RLT_14,2024,6,10003,FIN,8002,50003,746.00,PROD,8002,80073,PROD,856.00
RLT_14,2024,6,10003,FIN,8002,80073,880.00,PROD,8007,80013,PROD,"3,451.00"
RLT_14,2024,6,10003,FIN,8002,80013,"1,783.00",PROD,8001,80003,PROD,"1,895.00"
RLT_14,2024,6,10003,FIN,8002,80003,"1,852.00",PROD,8000,70003,RM,"2,384.00"
RLT_14,2024,6,10003,FIN,8002,80003,"1,852.00",PROD,8000,90020,ADD,71.00
RLT_14,2024,6,10003,FIN,8002,80013,"1,783.00",PROD,8001,90019,ADD,90.00
RLT_14,2024,6,10003,FIN,8002,80073,880.00,PROD,8007,90017,ADD,29.00
RLT_14,2024,6,10003,FIN,8002,80073,880.00,PROD,8007,90018,ADD,10.00
RLT_14,2024,6,10003,FIN,8002,50003,746.00,PROD,8002,90015,ADD,49.00
RLT_14,2024,6,10003,FIN,8002,50003,746.00,PROD,8002,90016,ADD,21.00
RLT_14,2024,7,10003,FIN,8002,10003,"1,037.00",FIN,8002,50003,PROD,"1,037.00"
RLT_14,2024,7,10003,FIN,8002,50003,859.00,PROD,8002,80073,PROD,856.00
RLT_14,2024,7,10003,FIN,8002,80073,814.00,PROD,8007,80013,PROD,"3,696.00"
RLT_14,2024,7,10003,FIN,8002,80013,"1,821.00",PROD,8001,80003,PROD,"1,884.00"
RLT_14,2024,7,10003,FIN,8002,80003,"2,083.00",PROD,8000,70003,RM,"2,153.00"
RLT_14,2024,7,10003,FIN,8002,80003,"2,083.00",PROD,8000,90020,ADD,66.00
RLT_14,2024,7,10003,FIN,8002,80013,"1,821.00",PROD,8001,90019,ADD,96.00
RLT_14,2024,7,10003,FIN,8002,80073,814.00,PROD,8007,90017,ADD,33.00
RLT_14,2024,7,10003,FIN,8002,80073,814.00,PROD,8007,90018,ADD,11.00
RLT_14,2024,7,10003,FIN,8002,50003,859.00,PROD,8002,90015,ADD,47.00
RLT_14,2024,7,10003,FIN,8002,50003,859.00,PROD,8002,90016,ADD,20.00
RLT_14,2024,8,10003,FIN,8002,10003,994.00,FIN,8002,50003,PROD,994.00
RLT_14,2024,8,10003,FIN,8002,50003,751.00,PROD,8002,80073,PROD,953.00
RLT_14,2024,8,10003,FIN,8002,80073,986.00,PROD,8007,80013,PROD,"3,886.00"
RLT_14,2024,8,10003,FIN,8002,80013,"1,828.00",PROD,8001,80003,PROD,"2,323.00"
RLT_14,2024,8,10003,FIN,8002,80003,"2,041.00",PROD,8000,70003,RM,"2,420.00"
RLT_14,2024,8,10003,FIN,8002,80003,"2,041.00",PROD,8000,90020,ADD,68.00
RLT_14,2024,8,10003,FIN,8002,80013,"1,828.00",PROD,8001,90019,ADD,107.00
RLT_14,2024,8,10003,FIN,8002,80073,986.00,PROD,8007,90017,ADD,31.00
RLT_14,2024,8,10003,FIN,8002,80073,986.00,PROD,8007,90018,ADD,10.00
RLT_14,2024,8,10003,FIN,8002,50003,751.00,PROD,8002,90015,ADD,55.00
RLT_14,2024,8,10003,FIN,8002,50003,751.00,PROD,8002,90016,ADD,21.00
RLT_14,2024,9,10003,FIN,8002,10003,"1,040.00",FIN,8002,50003,PROD,"1,040.00"
RLT_14,2024,9,10003,FIN,8002,50003,720.00,PROD,8002,80073,PROD,982.00
RLT_14,2024,9,10003,FIN,8002,80073,977.00,PROD,8007,80013,PROD,"3,226.00"
RLT_14,2024,9,10003,FIN,8002,80013,"1,679.00",PROD,8001,80003,PROD,"1,910.00"
RLT_14,2024,9,10003,FIN,8002,80003,"1,924.00",PROD,8000,70003,RM,"2,434.00"
RLT_14,2024,9,10003,FIN,8002,80003,"1,924.00",PROD,8000,90020,ADD,71.00
RLT_14,2024,9,10003,FIN,8002,80013,"1,679.00",PROD,8001,90019,ADD,91.00
RLT_14,2024,9,10003,FIN,8002,80073,977.00,PROD,8007,90017,ADD,29.00
RLT_14,2024,9,10003,FIN,8002,80073,977.00,PROD,8007,90018,ADD,9.00
RLT_14,2024,9,10003,FIN,8002,50003,720.00,PROD,8002,90015,ADD,52.00
RLT_14,2024,9,10003,FIN,8002,50003,720.00,PROD,8002,90016,ADD,21.00
RLT_14,2024,10,10003,FIN,8002,10003,949.00,FIN,8002,50003,PROD,949.00
RLT_14,2024,10,10003,FIN,8002,50003,745.00,PROD,8002,80073,PROD,820.00
RLT_14,2024,10,10003,FIN,8002,80073,895.00,PROD,8007,80013,PROD,"3,258.00"
RLT_14,2024,10,10003,FIN,8002,80013,"1,686.00",PROD,8001,80003,PROD,"1,847.00"
RLT_14,2024,10,10003,FIN,8002,80003,"1,972.00",PROD,8000,70003,RM,"2,550.00"
RLT_14,2024,10,10003,FIN,8002,80003,"1,972.00",PROD,8000,90020,ADD,64.00
RLT_14,2024,10,10003,FIN,8002,80013,"1,686.00",PROD,8001,90019,ADD,103.00
RLT_14,2024,10,10003,FIN,8002,80073,895.00,PROD,8007,90017,ADD,27.00
RLT_14,2024,10,10003,FIN,8002,80073,895.00,PROD,8007,90018,ADD,11.00
RLT_14,2024,10,10003,FIN,8002,50003,745.00,PROD,8002,90015,ADD,48.00
RLT_14,2024,10,10003,FIN,8002,50003,745.00,PROD,8002,90016,ADD,22.00
RLT_14,2024,11,10003,FIN,8002,10003,"1,069.00",FIN,8002,50003,PROD,"1,069.00"
RLT_14,2024,11,10003,FIN,8002,50003,766.00,PROD,8002,80073,PROD,880.00
RLT_14,2024,11,10003,FIN,8002,80073,816.00,PROD,8007,80013,PROD,"3,251.00"
RLT_14,2024,11,10003,FIN,8002,80013,"1,709.00",PROD,8001,80003,PROD,"1,871.00"
RLT_14,2024,11,10003,FIN,8002,80003,"1,887.00",PROD,8000,70003,RM,"2,766.00"
RLT_14,2024,11,10003,FIN,8002,80003,"1,887.00",PROD,8000,90020,ADD,76.00
RLT_14,2024,11,10003,FIN,8002,80013,"1,709.00",PROD,8001,90019,ADD,100.00
RLT_14,2024,11,10003,FIN,8002,80073,816.00,PROD,8007,90017,ADD,32.00
RLT_14,2024,11,10003,FIN,8002,80073,816.00,PROD,8007,90018,ADD,11.00
RLT_14,2024,11,10003,FIN,8002,50003,766.00,PROD,8002,90015,ADD,49.00
RLT_14,2024,11,10003,FIN,8002,50003,766.00,PROD,8002,90016,ADD,22.00
RLT_14,2024,12,10003,FIN,8002,10003,957.00,FIN,8002,50003,PROD,957.00
RLT_14,2024,12,10003,FIN,8002,50003,820.00,PROD,8002,80073,PROD,998.00
RLT_14,2024,12,10003,FIN,8002,80073,972.00,PROD,8007,80013,PROD,"3,635.00"
RLT_14,2024,12,10003,FIN,8002,80013,"1,956.00",PROD,8001,80003,PROD,"1,909.00"
RLT_14,2024,12,10003,FIN,8002,80003,"1,905.00",PROD,8000,70003,RM,"2,521.00"
RLT_14,2024,12,10003,FIN,8002,80003,"1,905.00",PROD,8000,90020,ADD,63.00
RLT_14,2024,12,10003,FIN,8002,80013,"1,956.00",PROD,8001,90019,ADD,98.00
RLT_14,2024,12,10003,FIN,8002,80073,972.00,PROD,8007,90017,ADD,29.00
RLT_14,2024,12,10003,FIN,8002,80073,972.00,PROD,8007,90018,ADD,10.00
RLT_14,2024,12,10003,FIN,8002,50003,820.00,PROD,8002,90015,ADD,52.00
RLT_14,2024,12,10003,FIN,8002,50003,820.00,PROD,8002,90016,ADD,19.00
RLT_14,2024,1,10004,FIN,8002,10004,"1,030.00",FIN,8002,50004,PROD,"1,030.00"
RLT_14,2024,1,10004,FIN,8002,50004,819.00,PROD,8002,80074,PROD,976.00
RLT_14,2024,1,10004,FIN,8002,80074,963.00,PROD,8007,80014,PROD,"3,475.00"
RLT_14,2024,1,10004,FIN,8002,80014,"1,897.00",PROD,8001,80004,PROD,"1,688.00"
RLT_14,2024,1,10004,FIN,8002,80004,"1,803.00",PROD,8000,70004,RM,"2,522.00"
RLT_14,2024,1,10004,FIN,8002,80004,"1,803.00",PROD,8000,90025,ADD,66.00
RLT_14,2024,1,10004,FIN,8002,80014,"1,897.00",PROD,8001,90024,ADD,97.00
RLT_14,2024,1,10004,FIN,8002,80074,963.00,PROD,8007,90022,ADD,28.00
RLT_14,2024,1,10004,FIN,8002,80074,963.00,PROD,8007,90023,ADD,10.00
RLT_14,2024,1,10004,FIN,8002,50004,819.00,PROD,8002,90020,ADD,54.00
RLT_14,2024,1,10004,FIN,8002,50004,819.00,PROD,8002,90021,ADD,21.00
RLT_14,2024,2,10004,FIN,8002,10004,951.00,FIN,8002,50004,PROD,951.00
RLT_14,2024,2,10004,FIN,8002,50004,768.00,PROD,8002,80074,PROD,783.00
RLT_14,2024,2,10004,FIN,8002,80074,860.00,PROD,8007,80014,PROD,"4,022.00"
RLT_14,2024,2,10004,FIN,8002,80014,"1,926.00",PROD,8001,80004,PROD,"1,985.00"
RLT_14,2024,2,10004,FIN,8002,80004,"1,868.00",PROD,8000,70004,RM,"2,561.00"
RLT_14,2024,2,10004,FIN,8002,80004,"1,868.00",PROD,8000,90025,ADD,70.00
RLT_14,2024,2,10004,FIN,8002,80014,"1,926.00",PROD,8001,90024,ADD,106.00
RLT_14,2024,2,10004,FIN,8002,80074,860.00,PROD,8007,90022,ADD,32.00
RLT_14,2024,2,10004,FIN,8002,80074,860.00,PROD,8007,90023,ADD,10.00
RLT_14,2024,2,10004,FIN,8002,50004,768.00,PROD,8002,90020,ADD,51.00
RLT_14,2024,2,10004,FIN,8002,50004,768.00,PROD,8002,90021,ADD,22.00
RLT_14,2024,3,10004,FIN,8002,10004,"1,089.00",FIN,8002,50004,PROD,"1,089.00"
RLT_14,2024,3,10004,FIN,8002,50004,844.00,PROD,8002,80074,PROD,941.00
RLT_14,2024,3,10004,FIN,8002,80074,905.00,PROD,8007,80014,PROD,"3,641.00"
RLT_14,2024,3,10004,FIN,8002,80014,"1,820.00",PROD,8001,80004,PROD,"1,885.00"
RLT_14,2024,3,10004,FIN,8002,80004,"1,923.00",PROD,8000,70004,RM,"2,328.00"
RLT_14,2024,3,10004,FIN,8002,80004,"1,923.00",PROD,8000,90025,ADD,68.00
RLT_14,2024,3,10004,FIN,8002,80014,"1,820.00",PROD,8001,90024,ADD,108.00
RLT_14,2024,3,10004,FIN,8002,80074,905.00,PROD,8007,90022,ADD,32.00
RLT_14,2024,3,10004,FIN,8002,80074,905.00,PROD,8007,90023,ADD,10.00
RLT_14,2024,3,10004,FIN,8002,50004,844.00,PROD,8002,90020,ADD,55.00
RLT_14,2024,3,10004,FIN,8002,50004,844.00,PROD,8002,90021,ADD,22.00
RLT_14,2024,4,10004,FIN,8002,10004,"1,047.00",FIN,8002,50004,PROD,"1,047.00"
RLT_14,2024,4,10004,FIN,8002,50004,780.00,PROD,8002,80074,PROD,878.00
RLT_14,2024,4,10004,FIN,8002,80074,842.00,PROD,8007,80014,PROD,"3,353.00"
RLT_14,2024,4,10004,FIN,8002,80014,"1,749.00",PROD,8001,80004,PROD,"1,940.00"
RLT_14,2024,4,10004,FIN,8002,80004,"2,049.00",PROD,8000,70004,RM,"2,644.00"
RLT_14,2024,4,10004,FIN,8002,80004,"2,049.00",PROD,8000,90025,ADD,76.00
RLT_14,2024,4,10004,FIN,8002,80014,"1,749.00",PROD,8001,90024,ADD,102.00
RLT_14,2024,4,10004,FIN,8002,80074,842.00,PROD,8007,90022,ADD,30.00
RLT_14,2024,4,10004,FIN,8002,80074,842.00,PROD,8007,90023,ADD,10.00
RLT_14,2024,4,10004,FIN,8002,50004,780.00,PROD,8002,90020,ADD,51.00
RLT_14,2024,4,10004,FIN,8002,50004,780.00,PROD,8002,90021,ADD,22.00
RLT_14,2024,5,10004,FIN,8002,10004,"1,006.00",FIN,8002,50004,PROD,"1,006.00"
RLT_14,2024,5,10004,FIN,8002,50004,830.00,PROD,8002,80074,PROD,883.00
RLT_14,2024,5,10004,FIN,8002,80074,964.00,PROD,8007,80014,PROD,"3,545.00"
RLT_14,2024,5,10004,FIN,8002,80014,"1,667.00",PROD,8001,80004,PROD,"2,058.00"
RLT_14,2024,5,10004,FIN,8002,80004,"2,142.00",PROD,8000,70004,RM,"2,926.00"
RLT_14,2024,5,10004,FIN,8002,80004,"2,142.00",PROD,8000,90025,ADD,64.00
RLT_14,2024,5,10004,FIN,8002,80014,"1,667.00",PROD,8001,90024,ADD,107.00
RLT_14,2024,5,10004,FIN,8002,80074,964.00,PROD,8007,90022,ADD,32.00
RLT_14,2024,5,10004,FIN,8002,80074,964.00,PROD,8007,90023,ADD,9.00
RLT_14,2024,5,10004,FIN,8002,50004,830.00,PROD,8002,90020,ADD,47.00
RLT_14,2024,5,10004,FIN,8002,50004,830.00,PROD,8002,90021,ADD,19.00
RLT_14,2024,6,10004,FIN,8002,10004,922.00,FIN,8002,50004,PROD,922.00
RLT_14,2024,6,10004,FIN,8002,50004,746.00,PROD,8002,80074,PROD,856.00
RLT_14,2024,6,10004,FIN,8002,80074,880.00,PROD,8007,80014,PROD,"3,451.00"
RLT_14,2024,6,10004,FIN,8002,80014,"1,783.00",PROD,8001,80004,PROD,"1,895.00"
RLT_14,2024,6,10004,FIN,8002,80004,"1,852.00",PROD,8000,70004,RM,"2,384.00"
RLT_14,2024,6,10004,FIN,8002,80004,"1,852.00",PROD,8000,90025,ADD,71.00
RLT_14,2024,6,10004,FIN,8002,80014,"1,783.00",PROD,8001,90024,ADD,90.00
RLT_14,2024,6,10004,FIN,8002,80074,880.00,PROD,8007,90022,ADD,29.00
RLT_14,2024,6,10004,FIN,8002,80074,880.00,PROD,8007,90023,ADD,10.00
RLT_14,2024,6,10004,FIN,8002,50004,746.00,PROD,8002,90020,ADD,49.00
RLT_14,2024,6,10004,FIN,8002,50004,746.00,PROD,8002,90021,ADD,21.00
RLT_14,2024,7,10004,FIN,8002,10004,"1,037.00",FIN,8002,50004,PROD,"1,037.00"
RLT_14,2024,7,10004,FIN,8002,50004,859.00,PROD,8002,80074,PROD,856.00
RLT_14,2024,7,10004,FIN,8002,80074,814.00,PROD,8007,80014,PROD,"3,696.00"
RLT_14,2024,7,10004,FIN,8002,80014,"1,821.00",PROD,8001,80004,PROD,"1,884.00"
RLT_14,2024,7,10004,FIN,8002,80004,"2,083.00",PROD,8000,70004,RM,"2,153.00"
RLT_14,2024,7,10004,FIN,8002,80004,"2,083.00",PROD,8000,90025,ADD,66.00
RLT_14,2024,7,10004,FIN,8002,80014,"1,821.00",PROD,8001,90024,ADD,96.00
RLT_14,2024,7,10004,FIN,8002,80074,814.00,PROD,8007,90022,ADD,33.00
RLT_14,2024,7,10004,FIN,8002,80074,814.00,PROD,8007,90023,ADD,11.00
RLT_14,2024,7,10004,FIN,8002,50004,859.00,PROD,8002,90020,ADD,47.00
RLT_14,2024,7,10004,FIN,8002,50004,859.00,PROD,8002,90021,ADD,20.00
RLT_14,2024,8,10004,FIN,8002,10004,994.00,FIN,8002,50004,PROD,994.00
RLT_14,2024,8,10004,FIN,8002,50004,751.00,PROD,8002,80074,PROD,953.00
RLT_14,2024,8,10004,FIN,8002,80074,986.00,PROD,8007,80014,PROD,"3,886.00"
RLT_14,2024,8,10004,FIN,8002,80014,"1,828.00",PROD,8001,80004,PROD,"2,323.00"
RLT_14,2024,8,10004,FIN,8002,80004,"2,041.00",PROD,8000,70004,RM,"2,420.00"
RLT_14,2024,8,10004,FIN,8002,80004,"2,041.00",PROD,8000,90025,ADD,68.00
RLT_14,2024,8,10004,FIN,8002,80014,"1,828.00",PROD,8001,90024,ADD,107.00
RLT_14,2024,8,10004,FIN,8002,80074,986.00,PROD,8007,90022,ADD,31.00
RLT_14,2024,8,10004,FIN,8002,80074,986.00,PROD,8007,90023,ADD,10.00
RLT_14,2024,8,10004,FIN,8002,50004,751.00,PROD,8002,90020,ADD,55.00
RLT_14,2024,8,10004,FIN,8002,50004,751.00,PROD,8002,90021,ADD,21.00
RLT_14,2024,9,10004,FIN,8002,10004,"1,040.00",FIN,8002,50004,PROD,"1,040.00"
RLT_14,2024,9,10004,FIN,8002,50004,720.00,PROD,8002,80074,PROD,982.00
RLT_14,2024,9,10004,FIN,8002,80074,977.00,PROD,8007,80014,PROD,"3,226.00"
RLT_14,2024,9,10004,FIN,8002,80014,"1,679.00",PROD,8001,80004,PROD,"1,910.00"
RLT_14,2024,9,10004,FIN,8002,80004,"1,924.00",PROD,8000,70004,RM,"2,434.00"
RLT_14,2024,9,10004,FIN,8002,80004,"1,924.00",PROD,8000,90025,ADD,71.00
RLT_14,2024,9,10004,FIN,8002,80014,"1,679.00",PROD,8001,90024,ADD,91.00
RLT_14,2024,9,10004,FIN,8002,80074,977.00,PROD,8007,90022,ADD,29.00
RLT_14,2024,9,10004,FIN,8002,80074,977.00,PROD,8007,90023,ADD,9.00
RLT_14,2024,9,10004,FIN,8002,50004,720.00,PROD,8002,90020,ADD,52.00
RLT_14,2024,9,10004,FIN,8002,50004,720.00,PROD,8002,90021,ADD,21.00
RLT_14,2024,10,10004,FIN,8002,10004,949.00,FIN,8002,50004,PROD,949.00
RLT_14,2024,10,10004,FIN,8002,50004,745.00,PROD,8002,80074,PROD,820.00
RLT_14,2024,10,10004,FIN,8002,80074,895.00,PROD,8007,80014,PROD,"3,258.00"
RLT_14,2024,10,10004,FIN,8002,80014,"1,686.00",PROD,8001,80004,PROD,"1,847.00"
RLT_14,2024,10,10004,FIN,8002,80004,"1,972.00",PROD,8000,70004,RM,"2,550.00"
RLT_14,2024,10,10004,FIN,8002,80004,"1,972.00",PROD,8000,90025,ADD,64.00
RLT_14,2024,10,10004,FIN,8002,80014,"1,686.00",PROD,8001,90024,ADD,103.00
RLT_14,2024,10,10004,FIN,8002,80074,895.00,PROD,8007,90022,ADD,27.00
RLT_14,2024,10,10004,FIN,8002,80074,895.00,PROD,8007,90023,ADD,11.00
RLT_14,2024,10,10004,FIN,8002,50004,745.00,PROD,8002,90020,ADD,48.00
RLT_14,2024,10,10004,FIN,8002,50004,745.00,PROD,8002,90021,ADD,22.00
RLT_14,2024,11,10004,FIN,8002,10004,"1,069.00",FIN,8002,50004,PROD,"1,069.00"
RLT_14,2024,11,10004,FIN,8002,50004,766.00,PROD,8002,80074,PROD,880.00
RLT_14,2024,11,10004,FIN,8002,80074,816.00,PROD,8007,80014,PROD,"3,251.00"
RLT_14,2024,11,10004,FIN,8002,80014,"1,709.00",PROD,8001,80004,PROD,"1,871.00"
RLT_14,2024,11,10004,FIN,8002,80004,"1,887.00",PROD,8000,70004,RM,"2,766.00"
RLT_14,2024,11,10004,FIN,8002,80004,"1,887.00",PROD,8000,90025,ADD,76.00
RLT_14,2024,11,10004,FIN,8002,80014,"1,709.00",PROD,8001,90024,ADD,100.00
RLT_14,2024,11,10004,FIN,8002,80074,816.00,PROD,8007,90022,ADD,32.00
RLT_14,2024,11,10004,FIN,8002,80074,816.00,PROD,8007,90023,ADD,11.00
RLT_14,2024,11,10004,FIN,8002,50004,766.00,PROD,8002,90020,ADD,49.00
RLT_14,2024,11,10004,FIN,8002,50004,766.00,PROD,8002,90021,ADD,22.00
RLT_14,2024,12,10004,FIN,8002,10004,957.00,FIN,8002,50004,PROD,957.00
RLT_14,2024,12,10004,FIN,8002,50004,820.00,PROD,8002,80074,PROD,998.00
RLT_14,2024,12,10004,FIN,8002,80074,972.00,PROD,8007,80014,PROD,"3,635.00"
RLT_14,2024,12,10004,FIN,8002,80014,"1,956.00",PROD,8001,80004,PROD,"1,909.00"
RLT_14,2024,12,10004,FIN,8002,80004,"1,905.00",PROD,8000,70004,RM,"2,521.00"
RLT_14,2024,12,10004,FIN,8002,80004,"1,905.00",PROD,8000,90025,ADD,63.00
RLT_14,2024,12,10004,FIN,8002,80014,"1,956.00",PROD,8001,90024,ADD,98.00
RLT_14,2024,12,10004,FIN,8002,80074,972.00,PROD,8007,90022,ADD,29.00
RLT_14,2024,12,10004,FIN,8002,80074,972.00,PROD,8007,90023,ADD,10.00
RLT_14,2024,12,10004,FIN,8002,50004,820.00,PROD,8002,90020,ADD,52.00
RLT_14,2024,12,10004,FIN,8002,50004,820.00,PROD,8002,90021,ADD,19.00
RLT_14,2024,1,10005,FIN,8002,10005,975.00,FIN,8002,50005,PROD,975.00
RLT_14,2024,1,10005,FIN,8002,50005,739.00,PROD,8002,80075,PROD,808.00
RLT_14,2024,1,10005,FIN,8002,80075,897.00,PROD,8007,80015,PROD,"3,541.00"
RLT_14,2024,1,10005,FIN,8002,80015,"1,670.00",PROD,8001,80005,PROD,"1,909.00"
RLT_14,2024,1,10005,FIN,8002,80005,"1,904.00",PROD,8000,70005,RM,"2,803.00"
RLT_14,2024,1,10005,FIN,8002,80005,"1,904.00",PROD,8000,90030,ADD,72.00
RLT_14,2024,1,10005,FIN,8002,80015,"1,670.00",PROD,8001,90029,ADD,96.00
RLT_14,2024,1,10005,FIN,8002,80075,897.00,PROD,8007,90027,ADD,29.00
RLT_14,2024,1,10005,FIN,8002,80075,897.00,PROD,8007,90028,ADD,11.00
RLT_14,2024,1,10005,FIN,8002,50005,739.00,PROD,8002,90025,ADD,49.00
RLT_14,2024,1,10005,FIN,8002,50005,739.00,PROD,8002,90026,ADD,21.00
RLT_14,2024,2,10005,FIN,8002,10005,"1,050.00",FIN,8002,50005,PROD,"1,050.00"
RLT_14,2024,2,10005,FIN,8002,50005,811.00,PROD,8002,80075,PROD,879.00
RLT_14,2024,2,10005,FIN,8002,80075,875.00,PROD,8007,80015,PROD,"3,021.00"
RLT_14,2024,2,10005,FIN,8002,80015,"1,635.00",PROD,8001,80005,PROD,"2,130.00"
RLT_14,2024,2,10005,FIN,8002,80005,"2,144.00",PROD,8000,70005,RM,"2,538.00"
RLT_14,2024,2,10005,FIN,8002,80005,"2,144.00",PROD,8000,90030,ADD,73.00
RLT_14,2024,2,10005,FIN,8002,80015,"1,635.00",PROD,8001,90029,ADD,107.00
RLT_14,2024,2,10005,FIN,8002,80075,875.00,PROD,8007,90027,ADD,29.00
RLT_14,2024,2,10005,FIN,8002,80075,875.00,PROD,8007,90028,ADD,11.00
RLT_14,2024,2,10005,FIN,8002,50005,811.00,PROD,8002,90025,ADD,48.00
RLT_14,2024,2,10005,FIN,8002,50005,811.00,PROD,8002,90026,ADD,20.00
RLT_14,2024,3,10005,FIN,8002,10005,955.00,FIN,8002,50005,PROD,955.00
RLT_14,2024,3,10005,FIN,8002,50005,795.00,PROD,8002,80075,PROD,818.00
RLT_14,2024,3,10005,FIN,8002,80075,894.00,PROD,8007,80015,PROD,"3,359.00"
RLT_14,2024,3,10005,FIN,8002,80015,"1,708.00",PROD,8001,80005,PROD,"2,035.00"
RLT_14,2024,3,10005,FIN,8002,80005,"1,854.00",PROD,8000,70005,RM,"2,677.00"
RLT_14,2024,3,10005,FIN,8002,80005,"1,854.00",PROD,8000,90030,ADD,68.00
RLT_14,2024,3,10005,FIN,8002,80015,"1,708.00",PROD,8001,90029,ADD,91.00
RLT_14,2024,3,10005,FIN,8002,80075,894.00,PROD,8007,90027,ADD,33.00
RLT_14,2024,3,10005,FIN,8002,80075,894.00,PROD,8007,90028,ADD,9.00
RLT_14,2024,3,10005,FIN,8002,50005,795.00,PROD,8002,90025,ADD,46.00
RLT_14,2024,3,10005,FIN,8002,50005,795.00,PROD,8002,90026,ADD,20.00
RLT_14,2024,4,10005,FIN,8002,10005,"1,070.00",FIN,8002,50005,PROD,"1,070.00"
RLT_14,2024,4,10005,FIN,8002,50005,805.00,PROD,8002,80075,PROD,927.00
RLT_14,2024,4,10005,FIN,8002,80075,848.00,PROD,8007,80015,PROD,"3,447.00"
RLT_14,2024,4,10005,FIN,8002,80015,"1,862.00",PROD,8001,80005,PROD,"2,031.00"
RLT_14,2024,4,10005,FIN,8002,80005,"2,075.00",PROD,8000,70005,RM,"2,616.00"
RLT_14,2024,4,10005,FIN,8002,80005,"2,075.00",PROD,8000,90030,ADD,65.00
RLT_14,2024,4,10005,FIN,8002,80015,"1,862.00",PROD,8001,90029,ADD,110.00
RLT_14,2024,4,10005,FIN,8002,80075,848.00,PROD,8007,90027,ADD,30.00
RLT_14,2024,4,10005,FIN,8002,80075,848.00,PROD,8007,90028,ADD,10.00
RLT_14,2024,4,10005,FIN,8002,50005,805.00,PROD,8002,90025,ADD,53.00
RLT_14,2024,4,10005,FIN,8002,50005,805.00,PROD,8002,90026,ADD,20.00
RLT_14,2024,5,10005,FIN,8002,10005,954.00,FIN,8002,50005,PROD,954.00
RLT_14,2024,5,10005,FIN,8002,50005,757.00,PROD,8002,80075,PROD,881.00
RLT_14,2024,5,10005,FIN,8002,80075,857.00,PROD,8007,80015,PROD,"3,270.00"
RLT_14,2024,5,10005,FIN,8002,80015,"1,630.00",PROD,8001,80005,PROD,"2,105.00"
RLT_14,2024,5,10005,FIN,8002,80005,"2,166.00",PROD,8000,70005,RM,"2,638.00"
RLT_14,2024,5,10005,FIN,8002,80005,"2,166.00",PROD,8000,90030,ADD,74.00
RLT_14,2024,5,10005,FIN,8002,80015,"1,630.00",PROD,8001,90029,ADD,109.00
RLT_14,2024,5,10005,FIN,8002,80075,857.00,PROD,8007,90027,ADD,32.00
RLT_14,2024,5,10005,FIN,8002,80075,857.00,PROD,8007,90028,ADD,11.00
RLT_14,2024,5,10005,FIN,8002,50005,757.00,PROD,8002,90025,ADD,50.00
RLT_14,2024,5,10005,FIN,8002,50005,757.00,PROD,8002,90026,ADD,19.00
RLT_14,2024,6,10005,FIN,8002,10005,901.00,FIN,8002,50005,PROD,901.00
RLT_14,2024,6,10005,FIN,8002,50005,764.00,PROD,8002,80075,PROD,984.00
RLT_14,2024,6,10005,FIN,8002,80075,988.00,PROD,8007,80015,PROD,"3,803.00"
RLT_14,2024,6,10005,FIN,8002,80015,"1,772.00",PROD,8001,80005,PROD,"2,364.00"
RLT_14,2024,6,10005,FIN,8002,80005,"2,185.00",PROD,8000,70005,RM,"2,117.00"
RLT_14,2024,6,10005,FIN,8002,80005,"2,185.00",PROD,8000,90030,ADD,68.00
RLT_14,2024,6,10005,FIN,8002,80015,"1,772.00",PROD,8001,90029,ADD,98.00
RLT_14,2024,6,10005,FIN,8002,80075,988.00,PROD,8007,90027,ADD,32.00
RLT_14,2024,6,10005,FIN,8002,80075,988.00,PROD,8007,90028,ADD,11.00
RLT_14,2024,6,10005,FIN,8002,50005,764.00,PROD,8002,90025,ADD,45.00
RLT_14,2024,6,10005,FIN,8002,50005,764.00,PROD,8002,90026,ADD,20.00
RLT_14,2024,7,10005,FIN,8002,10005,"1,054.00",FIN,8002,50005,PROD,"1,054.00"
RLT_14,2024,7,10005,FIN,8002,50005,764.00,PROD,8002,80075,PROD,803.00
RLT_14,2024,7,10005,FIN,8002,80075,870.00,PROD,8007,80015,PROD,"3,842.00"
RLT_14,2024,7,10005,FIN,8002,80015,"1,773.00",PROD,8001,80005,PROD,"2,033.00"
RLT_14,2024,7,10005,FIN,8002,80005,"1,944.00",PROD,8000,70005,RM,"2,641.00"
RLT_14,2024,7,10005,FIN,8002,80005,"1,944.00",PROD,8000,90030,ADD,75.00
RLT_14,2024,7,10005,FIN,8002,80015,"1,773.00",PROD,8001,90029,ADD,94.00
RLT_14,2024,7,10005,FIN,8002,80075,870.00,PROD,8007,90027,ADD,32.00
RLT_14,2024,7,10005,FIN,8002,80075,870.00,PROD,8007,90028,ADD,10.00
RLT_14,2024,7,10005,FIN,8002,50005,764.00,PROD,8002,90025,ADD,49.00
RLT_14,2024,7,10005,FIN,8002,50005,764.00,PROD,8002,90026,ADD,20.00
RLT_14,2024,8,10005,FIN,8002,10005,"1,044.00",FIN,8002,50005,PROD,"1,044.00"
RLT_14,2024,8,10005,FIN,8002,50005,747.00,PROD,8002,80075,PROD,942.00
RLT_14,2024,8,10005,FIN,8002,80075,977.00,PROD,8007,80015,PROD,"3,835.00"
RLT_14,2024,8,10005,FIN,8002,80015,"1,922.00",PROD,8001,80005,PROD,"1,928.00"
RLT_14,2024,8,10005,FIN,8002,80005,"1,931.00",PROD,8000,70005,RM,"2,797.00"
RLT_14,2024,8,10005,FIN,8002,80005,"1,931.00",PROD,8000,90030,ADD,68.00
RLT_14,2024,8,10005,FIN,8002,80015,"1,922.00",PROD,8001,90029,ADD,99.00
RLT_14,2024,8,10005,FIN,8002,80075,977.00,PROD,8007,90027,ADD,29.00
RLT_14,2024,8,10005,FIN,8002,80075,977.00,PROD,8007,90028,ADD,10.00
RLT_14,2024,8,10005,FIN,8002,50005,747.00,PROD,8002,90025,ADD,47.00
RLT_14,2024,8,10005,FIN,8002,50005,747.00,PROD,8002,90026,ADD,19.00
RLT_14,2024,9,10005,FIN,8002,10005,941.00,FIN,8002,50005,PROD,941.00
RLT_14,2024,9,10005,FIN,8002,50005,861.00,PROD,8002,80075,PROD,"1,018.00"
RLT_14,2024,9,10005,FIN,8002,80075,958.00,PROD,8007,80015,PROD,"3,219.00"
RLT_14,2024,9,10005,FIN,8002,80015,"1,707.00",PROD,8001,80005,PROD,"2,108.00"
RLT_14,2024,9,10005,FIN,8002,80005,"1,950.00",PROD,8000,70005,RM,"2,429.00"
RLT_14,2024,9,10005,FIN,8002,80005,"1,950.00",PROD,8000,90030,ADD,66.00
RLT_14,2024,9,10005,FIN,8002,80015,"1,707.00",PROD,8001,90029,ADD,101.00
RLT_14,2024,9,10005,FIN,8002,80075,958.00,PROD,8007,90027,ADD,32.00
RLT_14,2024,9,10005,FIN,8002,80075,958.00,PROD,8007,90028,ADD,10.00
RLT_14,2024,9,10005,FIN,8002,50005,861.00,PROD,8002,90025,ADD,47.00
RLT_14,2024,9,10005,FIN,8002,50005,861.00,PROD,8002,90026,ADD,21.00
RLT_14,2024,10,10005,FIN,8002,10005,"1,049.00",FIN,8002,50005,PROD,"1,049.00"
RLT_14,2024,10,10005,FIN,8002,50005,810.00,PROD,8002,80075,PROD,876.00
RLT_14,2024,10,10005,FIN,8002,80075,811.00,PROD,8007,80015,PROD,"3,890.00"
RLT_14,2024,10,10005,FIN,8002,80015,"1,895.00",PROD,8001,80005,PROD,"2,103.00"
RLT_14,2024,10,10005,FIN,8002,80005,"2,045.00",PROD,8000,70005,RM,"2,287.00"
RLT_14,2024,10,10005,FIN,8002,80005,"2,045.00",PROD,8000,90030,ADD,67.00
RLT_14,2024,10,10005,FIN,8002,80015,"1,895.00",PROD,8001,90029,ADD,107.00
RLT_14,2024,10,10005,FIN,8002,80075,811.00,PROD,8007,90027,ADD,30.00
RLT_14,2024,10,10005,FIN,8002,80075,811.00,PROD,8007,90028,ADD,10.00
RLT_14,2024,10,10005,FIN,8002,50005,810.00,PROD,8002,90025,ADD,51.00
RLT_14,2024,10,10005,FIN,8002,50005,810.00,PROD,8002,90026,ADD,19.00
RLT_14,2024,11,10005,FIN,8002,10005,949.00,FIN,8002,50005,PROD,949.00
RLT_14,2024,11,10005,FIN,8002,50005,840.00,PROD,8002,80075,PROD,966.00
RLT_14,2024,11,10005,FIN,8002,80075,927.00,PROD,8007,80015,PROD,"3,601.00"
RLT_14,2024,11,10005,FIN,8002,80015,"1,946.00",PROD,8001,80005,PROD,"1,938.00"
RLT_14,2024,11,10005,FIN,8002,80005,"1,859.00",PROD,8000,70005,RM,"2,558.00"
RLT_14,2024,11,10005,FIN,8002,80005,"1,859.00",PROD,8000,90030,ADD,69.00
RLT_14,2024,11,10005,FIN,8002,80015,"1,946.00",PROD,8001,90029,ADD,100.00
RLT_14,2024,11,10005,FIN,8002,80075,927.00,PROD,8007,90027,ADD,30.00
RLT_14,2024,11,10005,FIN,8002,80075,927.00,PROD,8007,90028,ADD,10.00
RLT_14,2024,11,10005,FIN,8002,50005,840.00,PROD,8002,90025,ADD,49.00
RLT_14,2024,11,10005,FIN,8002,50005,840.00,PROD,8002,90026,ADD,20.00
RLT_14,2024,12,10005,FIN,8002,10005,"1,081.00",FIN,8002,50005,PROD,"1,081.00"
RLT_14,2024,12,10005,FIN,8002,50005,794.00,PROD,8002,80075,PROD,857.00
RLT_14,2024,12,10005,FIN,8002,80075,849.00,PROD,8007,80015,PROD,"3,822.00"
RLT_14,2024,12,10005,FIN,8002,80015,"1,780.00",PROD,8001,80005,PROD,"2,046.00"
RLT_14,2024,12,10005,FIN,8002,80005,"2,181.00",PROD,8000,70005,RM,"2,523.00"
RLT_14,2024,12,10005,FIN,8002,80005,"2,181.00",PROD,8000,90030,ADD,65.00
RLT_14,2024,12,10005,FIN,8002,80015,"1,780.00",PROD,8001,90029,ADD,102.00
RLT_14,2024,12,10005,FIN,8002,80075,849.00,PROD,8007,90027,ADD,27.00
RLT_14,2024,12,10005,FIN,8002,80075,849.00,PROD,8007,90028,ADD,9.00
RLT_14,2024,12,10005,FIN,8002,50005,794.00,PROD,8002,90025,ADD,51.00
RLT_14,2024,12,10005,FIN,8002,50005,794.00,PROD,8002,90026,ADD,21.00
RLT_14,2024,1,10006,FIN,8002,10006,"1,032.00",FIN,8002,50006,PROD,"1,032.00"
RLT_14,2024,1,10006,FIN,8002,50006,790.00,PROD,8002,80076,PROD,928.00
RLT_14,2024,1,10006,FIN,8002,80076,868.00,PROD,8007,80016,PROD,"3,471.00"
RLT_14,2024,1,10006,FIN,8002,80016,"1,825.00",PROD,8001,80006,PROD,"2,301.00"
RLT_14,2024,1,10006,FIN,8002,80006,"2,136.00",PROD,8000,70006,RM,"2,860.00"
RLT_14,2024,1,10006,FIN,8002,80006,"2,136.00",PROD,8000,90035,ADD,70.00
RLT_14,2024,1,10006,FIN,8002,80016,"1,825.00",PROD,8001,90034,ADD,92.00
RLT_14,2024,1,10006,FIN,8002,80076,868.00,PROD,8007,90032,ADD,32.00
RLT_14,2024,1,10006,FIN,8002,80076,868.00,PROD,8007,90033,ADD,9.00
RLT_14,2024,1,10006,FIN,8002,50006,790.00,PROD,8002,90030,ADD,52.00
RLT_14,2024,1,10006,FIN,8002,50006,790.00,PROD,8002,90031,ADD,18.00
RLT_14,2024,2,10006,FIN,8002,10006,"1,084.00",FIN,8002,50006,PROD,"1,084.00"
RLT_14,2024,2,10006,FIN,8002,50006,873.00,PROD,8002,80076,PROD,873.00
RLT_14,2024,2,10006,FIN,8002,80076,815.00,PROD,8007,80016,PROD,"3,812.00"
RLT_14,2024,2,10006,FIN,8002,80016,"1,820.00",PROD,8001,80006,PROD,"1,828.00"
RLT_14,2024,2,10006,FIN,8002,80006,"1,825.00",PROD,8000,70006,RM,"2,175.00"
RLT_14,2024,2,10006,FIN,8002,80006,"1,825.00",PROD,8000,90035,ADD,74.00
RLT_14,2024,2,10006,FIN,8002,80016,"1,820.00",PROD,8001,90034,ADD,99.00
RLT_14,2024,2,10006,FIN,8002,80076,815.00,PROD,8007,90032,ADD,29.00
RLT_14,2024,2,10006,FIN,8002,80076,815.00,PROD,8007,90033,ADD,11.00
RLT_14,2024,2,10006,FIN,8002,50006,873.00,PROD,8002,90030,ADD,52.00
RLT_14,2024,2,10006,FIN,8002,50006,873.00,PROD,8002,90031,ADD,20.00
RLT_14,2024,3,10006,FIN,8002,10006,"1,005.00",FIN,8002,50006,PROD,"1,005.00"
RLT_14,2024,3,10006,FIN,8002,50006,864.00,PROD,8002,80076,PROD,865.00
RLT_14,2024,3,10006,FIN,8002,80076,896.00,PROD,8007,80016,PROD,"3,058.00"
RLT_14,2024,3,10006,FIN,8002,80016,"1,647.00",PROD,8001,80006,PROD,"1,826.00"
RLT_14,2024,3,10006,FIN,8002,80006,"1,945.00",PROD,8000,70006,RM,"2,467.00"
RLT_14,2024,3,10006,FIN,8002,80006,"1,945.00",PROD,8000,90035,ADD,67.00
RLT_14,2024,3,10006,FIN,8002,80016,"1,647.00",PROD,8001,90034,ADD,101.00
RLT_14,2024,3,10006,FIN,8002,80076,896.00,PROD,8007,90032,ADD,28.00
RLT_14,2024,3,10006,FIN,8002,80076,896.00,PROD,8007,90033,ADD,10.00
RLT_14,2024,3,10006,FIN,8002,50006,864.00,PROD,8002,90030,ADD,49.00
RLT_14,2024,3,10006,FIN,8002,50006,864.00,PROD,8002,90031,ADD,20.00
RLT_14,2024,4,10006,FIN,8002,10006,984.00,FIN,8002,50006,PROD,984.00
RLT_14,2024,4,10006,FIN,8002,50006,774.00,PROD,8002,80076,PROD,917.00
RLT_14,2024,4,10006,FIN,8002,80076,859.00,PROD,8007,80016,PROD,"3,313.00"
RLT_14,2024,4,10006,FIN,8002,80016,"1,755.00",PROD,8001,80006,PROD,"2,106.00"
RLT_14,2024,4,10006,FIN,8002,80006,"2,023.00",PROD,8000,70006,RM,"2,525.00"
RLT_14,2024,4,10006,FIN,8002,80006,"2,023.00",PROD,8000,90035,ADD,76.00
RLT_14,2024,4,10006,FIN,8002,80016,"1,755.00",PROD,8001,90034,ADD,107.00
RLT_14,2024,4,10006,FIN,8002,80076,859.00,PROD,8007,90032,ADD,30.00
RLT_14,2024,4,10006,FIN,8002,80076,859.00,PROD,8007,90033,ADD,9.00
RLT_14,2024,4,10006,FIN,8002,50006,774.00,PROD,8002,90030,ADD,46.00
RLT_14,2024,4,10006,FIN,8002,50006,774.00,PROD,8002,90031,ADD,19.00
RLT_14,2024,5,10006,FIN,8002,10006,"1,005.00",FIN,8002,50006,PROD,"1,005.00"
RLT_14,2024,5,10006,FIN,8002,50006,851.00,PROD,8002,80076,PROD,970.00
RLT_14,2024,5,10006,FIN,8002,80076,924.00,PROD,8007,80016,PROD,"3,064.00"
RLT_14,2024,5,10006,FIN,8002,80016,"1,665.00",PROD,8001,80006,PROD,"2,127.00"
RLT_14,2024,5,10006,FIN,8002,80006,"2,063.00",PROD,8000,70006,RM,"2,372.00"
RLT_14,2024,5,10006,FIN,8002,80006,"2,063.00",PROD,8000,90035,ADD,73.00
RLT_14,2024,5,10006,FIN,8002,80016,"1,665.00",PROD,8001,90034,ADD,104.00
RLT_14,2024,5,10006,FIN,8002,80076,924.00,PROD,8007,90032,ADD,33.00
RLT_14,2024,5,10006,FIN,8002,80076,924.00,PROD,8007,90033,ADD,11.00
RLT_14,2024,5,10006,FIN,8002,50006,851.00,PROD,8002,90030,ADD,52.00
RLT_14,2024,5,10006,FIN,8002,50006,851.00,PROD,8002,90031,ADD,19.00
RLT_14,2024,6,10006,FIN,8002,10006,935.00,FIN,8002,50006,PROD,935.00
RLT_14,2024,6,10006,FIN,8002,50006,758.00,PROD,8002,80076,PROD,"1,059.00"
RLT_14,2024,6,10006,FIN,8002,80076,969.00,PROD,8007,80016,PROD,"4,276.00"
RLT_14,2024,6,10006,FIN,8002,80016,"1,979.00",PROD,8001,80006,PROD,"1,944.00"
RLT_14,2024,6,10006,FIN,8002,80006,"1,911.00",PROD,8000,70006,RM,"2,787.00"
RLT_14,2024,6,10006,FIN,8002,80006,"1,911.00",PROD,8000,90035,ADD,72.00
RLT_14,2024,6,10006,FIN,8002,80016,"1,979.00",PROD,8001,90034,ADD,109.00
RLT_14,2024,6,10006,FIN,8002,80076,969.00,PROD,8007,90032,ADD,28.00
RLT_14,2024,6,10006,FIN,8002,80076,969.00,PROD,8007,90033,ADD,10.00
RLT_14,2024,6,10006,FIN,8002,50006,758.00,PROD,8002,90030,ADD,54.00
RLT_14,2024,6,10006,FIN,8002,50006,758.00,PROD,8002,90031,ADD,20.00
RLT_14,2024,7,10006,FIN,8002,10006,973.00,FIN,8002,50006,PROD,973.00
RLT_14,2024,7,10006,FIN,8002,50006,798.00,PROD,8002,80076,PROD,867.00
RLT_14,2024,7,10006,FIN,8002,80076,855.00,PROD,8007,80016,PROD,"3,921.00"
RLT_14,2024,7,10006,FIN,8002,80016,"1,964.00",PROD,8001,80006,PROD,"1,943.00"
RLT_14,2024,7,10006,FIN,8002,80006,"1,865.00",PROD,8000,70006,RM,"2,936.00"
RLT_14,2024,7,10006,FIN,8002,80006,"1,865.00",PROD,8000,90035,ADD,73.00
RLT_14,2024,7,10006,FIN,8002,80016,"1,964.00",PROD,8001,90034,ADD,94.00
RLT_14,2024,7,10006,FIN,8002,80076,855.00,PROD,8007,90032,ADD,29.00
RLT_14,2024,7,10006,FIN,8002,80076,855.00,PROD,8007,90033,ADD,9.00
RLT_14,2024,7,10006,FIN,8002,50006,798.00,PROD,8002,90030,ADD,51.00
RLT_14,2024,7,10006,FIN,8002,50006,798.00,PROD,8002,90031,ADD,20.00
RLT_14,2024,8,10006,FIN,8002,10006,"1,034.00",FIN,8002,50006,PROD,"1,034.00"
RLT_14,2024,8,10006,FIN,8002,50006,844.00,PROD,8002,80076,PROD,868.00
RLT_14,2024,8,10006,FIN,8002,80076,830.00,PROD,8007,80016,PROD,"3,186.00"
RLT_14,2024,8,10006,FIN,8002,80016,"1,725.00",PROD,8001,80006,PROD,"1,904.00"
RLT_14,2024,8,10006,FIN,8002,80006,"1,941.00",PROD,8000,70006,RM,"2,655.00"
RLT_14,2024,8,10006,FIN,8002,80006,"1,941.00",PROD,8000,90035,ADD,64.00
RLT_14,2024,8,10006,FIN,8002,80016,"1,725.00",PROD,8001,90034,ADD,100.00
RLT_14,2024,8,10006,FIN,8002,80076,830.00,PROD,8007,90032,ADD,29.00
RLT_14,2024,8,10006,FIN,8002,80076,830.00,PROD,8007,90033,ADD,10.00
RLT_14,2024,8,10006,FIN,8002,50006,844.00,PROD,8002,90030,ADD,46.00
RLT_14,2024,8,10006,FIN,8002,50006,844.00,PROD,8002,90031,ADD,22.00
RLT_14,2024,9,10006,FIN,8002,10006,"1,040.00",FIN,8002,50006,PROD,"1,040.00"
RLT_14,2024,9,10006,FIN,8002,50006,720.00,PROD,8002,80076,PROD,982.00
RLT_14,2024,9,10006,FIN,8002,80076,977.00,PROD,8007,80016,PROD,"3,226.00"
RLT_14,2024,9,10006,FIN,8002,80016,"1,679.00",PROD,8001,80006,PROD,"1,910.00"
RLT_14,2024,9,10006,FIN,8002,80006,"1,924.00",PROD,8000,70006,RM,"2,434.00"
RLT_14,2024,9,10006,FIN,8002,80006,"1,924.00",PROD,8000,90035,ADD,71.00
RLT_14,2024,9,10006,FIN,8002,80016,"1,679.00",PROD,8001,90034,ADD,91.00
RLT_14,2024,9,10006,FIN,8002,80076,977.00,PROD,8007,90032,ADD,29.00
RLT_14,2024,9,10006,FIN,8002,80076,977.00,PROD,8007,90033,ADD,9.00
RLT_14,2024,9,10006,FIN,8002,50006,720.00,PROD,8002,90030,ADD,52.00
RLT_14,2024,9,10006,FIN,8002,50006,720.00,PROD,8002,90031,ADD,21.00
RLT_14,2024,10,10006,FIN,8002,10006,949.00,FIN,8002,50006,PROD,949.00
RLT_14,2024,10,10006,FIN,8002,50006,745.00,PROD,8002,80076,PROD,820.00
RLT_14,2024,10,10006,FIN,8002,80076,895.00,PROD,8007,80016,PROD,"3,258.00"
RLT_14,2024,10,10006,FIN,8002,80016,"1,686.00",PROD,8001,80006,PROD,"1,847.00"
RLT_14,2024,10,10006,FIN,8002,80006,"1,972.00",PROD,8000,70006,RM,"2,550.00"
RLT_14,2024,10,10006,FIN,8002,80006,"1,972.00",PROD,8000,90035,ADD,64.00
RLT_14,2024,10,10006,FIN,8002,80016,"1,686.00",PROD,8001,90034,ADD,103.00
RLT_14,2024,10,10006,FIN,8002,80076,895.00,PROD,8007,90032,ADD,27.00
RLT_14,2024,10,10006,FIN,8002,80076,895.00,PROD,8007,90033,ADD,11.00
RLT_14,2024,10,10006,FIN,8002,50006,745.00,PROD,8002,90030,ADD,48.00
RLT_14,2024,10,10006,FIN,8002,50006,745.00,PROD,8002,90031,ADD,22.00
RLT_14,2024,11,10006,FIN,8002,10006,"1,069.00",FIN,8002,50006,PROD,"1,069.00"
RLT_14,2024,11,10006,FIN,8002,50006,766.00,PROD,8002,80076,PROD,880.00
RLT_14,2024,11,10006,FIN,8002,80076,816.00,PROD,8007,80016,PROD,"3,251.00"
RLT_14,2024,11,10006,FIN,8002,80016,"1,709.00",PROD,8001,80006,PROD,"1,871.00"
RLT_14,2024,11,10006,FIN,8002,80006,"1,887.00",PROD,8000,70006,RM,"2,766.00"
RLT_14,2024,11,10006,FIN,8002,80006,"1,887.00",PROD,8000,90035,ADD,76.00
RLT_14,2024,11,10006,FIN,8002,80016,"1,709.00",PROD,8001,90034,ADD,100.00
RLT_14,2024,11,10006,FIN,8002,80076,816.00,PROD,8007,90032,ADD,32.00
RLT_14,2024,11,10006,FIN,8002,80076,816.00,PROD,8007,90033,ADD,11.00
RLT_14,2024,11,10006,FIN,8002,50006,766.00,PROD,8002,90030,ADD,49.00
RLT_14,2024,11,10006,FIN,8002,50006,766.00,PROD,8002,90031,ADD,22.00
RLT_14,2024,12,10006,FIN,8002,10006,957.00,FIN,8002,50006,PROD,957.00
RLT_14,2024,12,10006,FIN,8002,50006,820.00,PROD,8002,80076,PROD,998.00
RLT_14,2024,12,10006,FIN,8002,80076,972.00,PROD,8007,80016,PROD,"3,635.00"
RLT_14,2024,12,10006,FIN,8002,80016,"1,956.00",PROD,8001,80006,PROD,"1,909.00"
RLT_14,2024,12,10006,FIN,8002,80006,"1,905.00",PROD,8000,70006,RM,"2,521.00"
RLT_14,2024,12,10006,FIN,8002,80006,"1,905.00",PROD,8000,90035,ADD,63.00
RLT_14,2024,12,10006,FIN,8002,80016,"1,956.00",PROD,8001,90034,ADD,98.00
RLT_14,2024,12,10006,FIN,8002,80076,972.00,PROD,8007,90032,ADD,29.00
RLT_14,2024,12,10006,FIN,8002,80076,972.00,PROD,8007,90033,ADD,10.00
RLT_14,2024,12,10006,FIN,8002,50006,820.00,PROD,8002,90030,ADD,52.00
RLT_14,2024,12,10006,FIN,8002,50006,820.00,PROD,8002,90031,ADD,19.00
RLT_14,2024,1,10009,FIN,8002,10009,975.00,FIN,8002,50009,PROD,975.00
RLT_14,2024,1,10009,FIN,8002,50009,739.00,PROD,8002,80079,PROD,808.00
RLT_14,2024,1,10009,FIN,8002,80079,897.00,PROD,8007,80019,PROD,"3,541.00"
RLT_14,2024,1,10009,FIN,8002,80019,"1,670.00",PROD,8001,80009,PROD,"1,909.00"
RLT_14,2024,1,10009,FIN,8002,80009,"1,904.00",PROD,8000,70009,RM,"2,803.00"
RLT_14,2024,1,10009,FIN,8002,80009,"1,904.00",PROD,8000,90050,ADD,72.00
RLT_14,2024,1,10009,FIN,8002,80019,"1,670.00",PROD,8001,90049,ADD,96.00
RLT_14,2024,1,10009,FIN,8002,80079,897.00,PROD,8007,90047,ADD,29.00
RLT_14,2024,1,10009,FIN,8002,80079,897.00,PROD,8007,90048,ADD,11.00
RLT_14,2024,1,10009,FIN,8002,50009,739.00,PROD,8002,90045,ADD,49.00
RLT_14,2024,1,10009,FIN,8002,50009,739.00,PROD,8002,90046,ADD,21.00
RLT_14,2024,2,10009,FIN,8002,10009,"1,050.00",FIN,8002,50009,PROD,"1,050.00"
RLT_14,2024,2,10009,FIN,8002,50009,811.00,PROD,8002,80079,PROD,879.00
RLT_14,2024,2,10009,FIN,8002,80079,875.00,PROD,8007,80019,PROD,"3,021.00"
RLT_14,2024,2,10009,FIN,8002,80019,"1,635.00",PROD,8001,80009,PROD,"2,130.00"
RLT_14,2024,2,10009,FIN,8002,80009,"2,144.00",PROD,8000,70009,RM,"2,538.00"
RLT_14,2024,2,10009,FIN,8002,80009,"2,144.00",PROD,8000,90050,ADD,73.00
RLT_14,2024,2,10009,FIN,8002,80019,"1,635.00",PROD,8001,90049,ADD,107.00
RLT_14,2024,2,10009,FIN,8002,80079,875.00,PROD,8007,90047,ADD,29.00
RLT_14,2024,2,10009,FIN,8002,80079,875.00,PROD,8007,90048,ADD,11.00
RLT_14,2024,2,10009,FIN,8002,50009,811.00,PROD,8002,90045,ADD,48.00
RLT_14,2024,2,10009,FIN,8002,50009,811.00,PROD,8002,90046,ADD,20.00
RLT_14,2024,3,10009,FIN,8002,10009,955.00,FIN,8002,50009,PROD,955.00
RLT_14,2024,3,10009,FIN,8002,50009,795.00,PROD,8002,80079,PROD,818.00
RLT_14,2024,3,10009,FIN,8002,80079,894.00,PROD,8007,80019,PROD,"3,359.00"
RLT_14,2024,3,10009,FIN,8002,80019,"1,708.00",PROD,8001,80009,PROD,"2,035.00"
RLT_14,2024,3,10009,FIN,8002,80009,"1,854.00",PROD,8000,70009,RM,"2,677.00"
RLT_14,2024,3,10009,FIN,8002,80009,"1,854.00",PROD,8000,90050,ADD,68.00
RLT_14,2024,3,10009,FIN,8002,80019,"1,708.00",PROD,8001,90049,ADD,91.00
RLT_14,2024,3,10009,FIN,8002,80079,894.00,PROD,8007,90047,ADD,33.00
RLT_14,2024,3,10009,FIN,8002,80079,894.00,PROD,8007,90048,ADD,9.00
RLT_14,2024,3,10009,FIN,8002,50009,795.00,PROD,8002,90045,ADD,46.00
RLT_14,2024,3,10009,FIN,8002,50009,795.00,PROD,8002,90046,ADD,20.00
RLT_14,2024,4,10009,FIN,8002,10009,"1,070.00",FIN,8002,50009,PROD,"1,070.00"
RLT_14,2024,4,10009,FIN,8002,50009,805.00,PROD,8002,80079,PROD,927.00
RLT_14,2024,4,10009,FIN,8002,80079,848.00,PROD,8007,80019,PROD,"3,447.00"
RLT_14,2024,4,10009,FIN,8002,80019,"1,862.00",PROD,8001,80009,PROD,"2,031.00"
RLT_14,2024,4,10009,FIN,8002,80009,"2,075.00",PROD,8000,70009,RM,"2,616.00"
RLT_14,2024,4,10009,FIN,8002,80009,"2,075.00",PROD,8000,90050,ADD,65.00
RLT_14,2024,4,10009,FIN,8002,80019,"1,862.00",PROD,8001,90049,ADD,110.00
RLT_14,2024,4,10009,FIN,8002,80079,848.00,PROD,8007,90047,ADD,30.00
RLT_14,2024,4,10009,FIN,8002,80079,848.00,PROD,8007,90048,ADD,10.00
RLT_14,2024,4,10009,FIN,8002,50009,805.00,PROD,8002,90045,ADD,53.00
RLT_14,2024,4,10009,FIN,8002,50009,805.00,PROD,8002,90046,ADD,20.00
RLT_14,2024,5,10009,FIN,8002,10009,954.00,FIN,8002,50009,PROD,954.00
RLT_14,2024,5,10009,FIN,8002,50009,757.00,PROD,8002,80079,PROD,881.00
RLT_14,2024,5,10009,FIN,8002,80079,857.00,PROD,8007,80019,PROD,"3,270.00"
RLT_14,2024,5,10009,FIN,8002,80019,"1,630.00",PROD,8001,80009,PROD,"2,105.00"
RLT_14,2024,5,10009,FIN,8002,80009,"2,166.00",PROD,8000,70009,RM,"2,638.00"
RLT_14,2024,5,10009,FIN,8002,80009,"2,166.00",PROD,8000,90050,ADD,74.00
RLT_14,2024,5,10009,FIN,8002,80019,"1,630.00",PROD,8001,90049,ADD,109.00
RLT_14,2024,5,10009,FIN,8002,80079,857.00,PROD,8007,90047,ADD,32.00
RLT_14,2024,5,10009,FIN,8002,80079,857.00,PROD,8007,90048,ADD,11.00
RLT_14,2024,5,10009,FIN,8002,50009,757.00,PROD,8002,90045,ADD,50.00
RLT_14,2024,5,10009,FIN,8002,50009,757.00,PROD,8002,90046,ADD,19.00
RLT_14,2024,6,10009,FIN,8002,10009,901.00,FIN,8002,50009,PROD,901.00
RLT_14,2024,6,10009,FIN,8002,50009,764.00,PROD,8002,80079,PROD,984.00
RLT_14,2024,6,10009,FIN,8002,80079,988.00,PROD,8007,80019,PROD,"3,803.00"
RLT_14,2024,6,10009,FIN,8002,80019,"1,772.00",PROD,8001,80009,PROD,"2,364.00"
RLT_14,2024,6,10009,FIN,8002,80009,"2,185.00",PROD,8000,70009,RM,"2,117.00"
RLT_14,2024,6,10009,FIN,8002,80009,"2,185.00",PROD,8000,90050,ADD,68.00
RLT_14,2024,6,10009,FIN,8002,80019,"1,772.00",PROD,8001,90049,ADD,98.00
RLT_14,2024,6,10009,FIN,8002,80079,988.00,PROD,8007,90047,ADD,32.00
RLT_14,2024,6,10009,FIN,8002,80079,988.00,PROD,8007,90048,ADD,11.00
RLT_14,2024,6,10009,FIN,8002,50009,764.00,PROD,8002,90045,ADD,45.00
RLT_14,2024,6,10009,FIN,8002,50009,764.00,PROD,8002,90046,ADD,20.00
RLT_14,2024,7,10009,FIN,8002,10009,"1,054.00",FIN,8002,50009,PROD,"1,054.00"
RLT_14,2024,7,10009,FIN,8002,50009,764.00,PROD,8002,80079,PROD,803.00
RLT_14,2024,7,10009,FIN,8002,80079,870.00,PROD,8007,80019,PROD,"3,842.00"
RLT_14,2024,7,10009,FIN,8002,80019,"1,773.00",PROD,8001,80009,PROD,"2,033.00"
RLT_14,2024,7,10009,FIN,8002,80009,"1,944.00",PROD,8000,70009,RM,"2,641.00"
RLT_14,2024,7,10009,FIN,8002,80009,"1,944.00",PROD,8000,90050,ADD,75.00
RLT_14,2024,7,10009,FIN,8002,80019,"1,773.00",PROD,8001,90049,ADD,94.00
RLT_14,2024,7,10009,FIN,8002,80079,870.00,PROD,8007,90047,ADD,32.00
RLT_14,2024,7,10009,FIN,8002,80079,870.00,PROD,8007,90048,ADD,10.00
RLT_14,2024,7,10009,FIN,8002,50009,764.00,PROD,8002,90045,ADD,49.00
RLT_14,2024,7,10009,FIN,8002,50009,764.00,PROD,8002,90046,ADD,20.00
RLT_14,2024,8,10009,FIN,8002,10009,"1,044.00",FIN,8002,50009,PROD,"1,044.00"
RLT_14,2024,8,10009,FIN,8002,50009,747.00,PROD,8002,80079,PROD,942.00
RLT_14,2024,8,10009,FIN,8002,80079,977.00,PROD,8007,80019,PROD,"3,835.00"
RLT_14,2024,8,10009,FIN,8002,80019,"1,922.00",PROD,8001,80009,PROD,"1,928.00"
RLT_14,2024,8,10009,FIN,8002,80009,"1,931.00",PROD,8000,70009,RM,"2,797.00"
RLT_14,2024,8,10009,FIN,8002,80009,"1,931.00",PROD,8000,90050,ADD,68.00
RLT_14,2024,8,10009,FIN,8002,80019,"1,922.00",PROD,8001,90049,ADD,99.00
RLT_14,2024,8,10009,FIN,8002,80079,977.00,PROD,8007,90047,ADD,29.00
RLT_14,2024,8,10009,FIN,8002,80079,977.00,PROD,8007,90048,ADD,10.00
RLT_14,2024,8,10009,FIN,8002,50009,747.00,PROD,8002,90045,ADD,47.00
RLT_14,2024,8,10009,FIN,8002,50009,747.00,PROD,8002,90046,ADD,19.00
RLT_14,2024,9,10009,FIN,8002,10009,941.00,FIN,8002,50009,PROD,941.00
RLT_14,2024,9,10009,FIN,8002,50009,861.00,PROD,8002,80079,PROD,"1,018.00"
RLT_14,2024,9,10009,FIN,8002,80079,958.00,PROD,8007,80019,PROD,"3,219.00"
RLT_14,2024,9,10009,FIN,8002,80019,"1,707.00",PROD,8001,80009,PROD,"2,108.00"
RLT_14,2024,9,10009,FIN,8002,80009,"1,950.00",PROD,8000,70009,RM,"2,429.00"
RLT_14,2024,9,10009,FIN,8002,80009,"1,950.00",PROD,8000,90050,ADD,66.00
RLT_14,2024,9,10009,FIN,8002,80019,"1,707.00",PROD,8001,90049,ADD,101.00
RLT_14,2024,9,10009,FIN,8002,80079,958.00,PROD,8007,90047,ADD,32.00
RLT_14,2024,9,10009,FIN,8002,80079,958.00,PROD,8007,90048,ADD,10.00
RLT_14,2024,9,10009,FIN,8002,50009,861.00,PROD,8002,90045,ADD,47.00
RLT_14,2024,9,10009,FIN,8002,50009,861.00,PROD,8002,90046,ADD,21.00
RLT_14,2024,10,10009,FIN,8002,10009,"1,049.00",FIN,8002,50009,PROD,"1,049.00"
RLT_14,2024,10,10009,FIN,8002,50009,810.00,PROD,8002,80079,PROD,876.00
RLT_14,2024,10,10009,FIN,8002,80079,811.00,PROD,8007,80019,PROD,"3,890.00"
RLT_14,2024,10,10009,FIN,8002,80019,"1,895.00",PROD,8001,80009,PROD,"2,103.00"
RLT_14,2024,10,10009,FIN,8002,80009,"2,045.00",PROD,8000,70009,RM,"2,287.00"
RLT_14,2024,10,10009,FIN,8002,80009,"2,045.00",PROD,8000,90050,ADD,67.00
RLT_14,2024,10,10009,FIN,8002,80019,"1,895.00",PROD,8001,90049,ADD,107.00
RLT_14,2024,10,10009,FIN,8002,80079,811.00,PROD,8007,90047,ADD,30.00
RLT_14,2024,10,10009,FIN,8002,80079,811.00,PROD,8007,90048,ADD,10.00
RLT_14,2024,10,10009,FIN,8002,50009,810.00,PROD,8002,90045,ADD,51.00
RLT_14,2024,10,10009,FIN,8002,50009,810.00,PROD,8002,90046,ADD,19.00
RLT_14,2024,11,10009,FIN,8002,10009,949.00,FIN,8002,50009,PROD,949.00
RLT_14,2024,11,10009,FIN,8002,50009,840.00,PROD,8002,80079,PROD,966.00
RLT_14,2024,11,10009,FIN,8002,80079,927.00,PROD,8007,80019,PROD,"3,601.00"
RLT_14,2024,11,10009,FIN,8002,80019,"1,946.00",PROD,8001,80009,PROD,"1,938.00"
RLT_14,2024,11,10009,FIN,8002,80009,"1,859.00",PROD,8000,70009,RM,"2,558.00"
RLT_14,2024,11,10009,FIN,8002,80009,"1,859.00",PROD,8000,90050,ADD,69.00
RLT_14,2024,11,10009,FIN,8002,80019,"1,946.00",PROD,8001,90049,ADD,100.00
RLT_14,2024,11,10009,FIN,8002,80079,927.00,PROD,8007,90047,ADD,30.00
RLT_14,2024,11,10009,FIN,8002,80079,927.00,PROD,8007,90048,ADD,10.00
RLT_14,2024,11,10009,FIN,8002,50009,840.00,PROD,8002,90045,ADD,49.00
RLT_14,2024,11,10009,FIN,8002,50009,840.00,PROD,8002,90046,ADD,20.00
RLT_14,2024,12,10009,FIN,8002,10009,"1,081.00",FIN,8002,50009,PROD,"1,081.00"
RLT_14,2024,12,10009,FIN,8002,50009,794.00,PROD,8002,80079,PROD,857.00
RLT_14,2024,12,10009,FIN,8002,80079,849.00,PROD,8007,80019,PROD,"3,822.00"
RLT_14,2024,12,10009,FIN,8002,80019,"1,780.00",PROD,8001,80009,PROD,"2,046.00"
RLT_14,2024,12,10009,FIN,8002,80009,"2,181.00",PROD,8000,70009,RM,"2,523.00"
RLT_14,2024,12,10009,FIN,8002,80009,"2,181.00",PROD,8000,90050,ADD,65.00
RLT_14,2024,12,10009,FIN,8002,80019,"1,780.00",PROD,8001,90049,ADD,102.00
RLT_14,2024,12,10009,FIN,8002,80079,849.00,PROD,8007,90047,ADD,27.00
RLT_14,2024,12,10009,FIN,8002,80079,849.00,PROD,8007,90048,ADD,9.00
RLT_14,2024,12,10009,FIN,8002,50009,794.00,PROD,8002,90045,ADD,51.00
RLT_14,2024,12,10009,FIN,8002,50009,794.00,PROD,8002,90046,ADD,21.00
RLT_16,2024,1,10007,FIN,8002,10007,975.00,FIN,8002,50007,PROD,975.00
RLT_16,2024,1,10007,FIN,8002,50007,739.00,PROD,8002,80077,PROD,808.00
RLT_16,2024,1,10007,FIN,8002,80077,897.00,PROD,8007,80017,PROD,"3,541.00"
RLT_16,2024,1,10007,FIN,8002,80017,"1,670.00",PROD,8001,80007,PROD,"1,909.00"
RLT_16,2024,1,10007,FIN,8002,80007,"1,904.00",PROD,8000,70007,RM,"2,803.00"
RLT_16,2024,1,10007,FIN,8002,80007,"1,904.00",PROD,8000,90040,ADD,72.00
RLT_16,2024,1,10007,FIN,8002,80017,"1,670.00",PROD,8001,90039,ADD,96.00
RLT_16,2024,1,10007,FIN,8002,80077,897.00,PROD,8007,90037,ADD,29.00
RLT_16,2024,1,10007,FIN,8002,80077,897.00,PROD,8007,90038,ADD,11.00
RLT_16,2024,1,10007,FIN,8002,50007,739.00,PROD,8002,90035,ADD,49.00
RLT_16,2024,1,10007,FIN,8002,50007,739.00,PROD,8002,90036,ADD,21.00
RLT_16,2024,2,10007,FIN,8002,10007,"1,050.00",FIN,8002,50007,PROD,"1,050.00"
RLT_16,2024,2,10007,FIN,8002,50007,811.00,PROD,8002,80077,PROD,879.00
RLT_16,2024,2,10007,FIN,8002,80077,875.00,PROD,8007,80017,PROD,"3,021.00"
RLT_16,2024,2,10007,FIN,8002,80017,"1,635.00",PROD,8001,80007,PROD,"2,130.00"
RLT_16,2024,2,10007,FIN,8002,80007,"2,144.00",PROD,8000,70007,RM,"2,538.00"
RLT_16,2024,2,10007,FIN,8002,80007,"2,144.00",PROD,8000,90040,ADD,73.00
RLT_16,2024,2,10007,FIN,8002,80017,"1,635.00",PROD,8001,90039,ADD,107.00
RLT_16,2024,2,10007,FIN,8002,80077,875.00,PROD,8007,90037,ADD,29.00
RLT_16,2024,2,10007,FIN,8002,80077,875.00,PROD,8007,90038,ADD,11.00
RLT_16,2024,2,10007,FIN,8002,50007,811.00,PROD,8002,90035,ADD,48.00
RLT_16,2024,2,10007,FIN,8002,50007,811.00,PROD,8002,90036,ADD,20.00
RLT_16,2024,3,10007,FIN,8002,10007,955.00,FIN,8002,50007,PROD,955.00
RLT_16,2024,3,10007,FIN,8002,50007,795.00,PROD,8002,80077,PROD,818.00
RLT_16,2024,3,10007,FIN,8002,80077,894.00,PROD,8007,80017,PROD,"3,359.00"
RLT_16,2024,3,10007,FIN,8002,80017,"1,708.00",PROD,8001,80007,PROD,"2,035.00"
RLT_16,2024,3,10007,FIN,8002,80007,"1,854.00",PROD,8000,70007,RM,"2,677.00"
RLT_16,2024,3,10007,FIN,8002,80007,"1,854.00",PROD,8000,90040,ADD,68.00
RLT_16,2024,3,10007,FIN,8002,80017,"1,708.00",PROD,8001,90039,ADD,91.00
RLT_16,2024,3,10007,FIN,8002,80077,894.00,PROD,8007,90037,ADD,33.00
RLT_16,2024,3,10007,FIN,8002,80077,894.00,PROD,8007,90038,ADD,9.00
RLT_16,2024,3,10007,FIN,8002,50007,795.00,PROD,8002,90035,ADD,46.00
RLT_16,2024,3,10007,FIN,8002,50007,795.00,PROD,8002,90036,ADD,20.00
RLT_16,2024,4,10007,FIN,8002,10007,"1,070.00",FIN,8002,50007,PROD,"1,070.00"
RLT_16,2024,4,10007,FIN,8002,50007,805.00,PROD,8002,80077,PROD,927.00
RLT_16,2024,4,10007,FIN,8002,80077,848.00,PROD,8007,80017,PROD,"3,447.00"
RLT_16,2024,4,10007,FIN,8002,80017,"1,862.00",PROD,8001,80007,PROD,"2,031.00"
RLT_16,2024,4,10007,FIN,8002,80007,"2,075.00",PROD,8000,70007,RM,"2,616.00"
RLT_16,2024,4,10007,FIN,8002,80007,"2,075.00",PROD,8000,90040,ADD,65.00
RLT_16,2024,4,10007,FIN,8002,80017,"1,862.00",PROD,8001,90039,ADD,110.00
RLT_16,2024,4,10007,FIN,8002,80077,848.00,PROD,8007,90037,ADD,30.00
RLT_16,2024,4,10007,FIN,8002,80077,848.00,PROD,8007,90038,ADD,10.00
RLT_16,2024,4,10007,FIN,8002,50007,805.00,PROD,8002,90035,ADD,53.00
RLT_16,2024,4,10007,FIN,8002,50007,805.00,PROD,8002,90036,ADD,20.00
RLT_16,2024,5,10007,FIN,8002,10007,954.00,FIN,8002,50007,PROD,954.00
RLT_16,2024,5,10007,FIN,8002,50007,757.00,PROD,8002,80077,PROD,881.00
RLT_16,2024,5,10007,FIN,8002,80077,857.00,PROD,8007,80017,PROD,"3,270.00"
RLT_16,2024,5,10007,FIN,8002,80017,"1,630.00",PROD,8001,80007,PROD,"2,105.00"
RLT_16,2024,5,10007,FIN,8002,80007,"2,166.00",PROD,8000,70007,RM,"2,638.00"
RLT_16,2024,5,10007,FIN,8002,80007,"2,166.00",PROD,8000,90040,ADD,74.00
RLT_16,2024,5,10007,FIN,8002,80017,"1,630.00",PROD,8001,90039,ADD,109.00
RLT_16,2024,5,10007,FIN,8002,80077,857.00,PROD,8007,90037,ADD,32.00
RLT_16,2024,5,10007,FIN,8002,80077,857.00,PROD,8007,90038,ADD,11.00
RLT_16,2024,5,10007,FIN,8002,50007,757.00,PROD,8002,90035,ADD,50.00
RLT_16,2024,5,10007,FIN,8002,50007,757.00,PROD,8002,90036,ADD,19.00
RLT_16,2024,6,10007,FIN,8002,10007,901.00,FIN,8002,50007,PROD,901.00
RLT_16,2024,6,10007,FIN,8002,50007,764.00,PROD,8002,80077,PROD,984.00
RLT_16,2024,6,10007,FIN,8002,80077,988.00,PROD,8007,80017,PROD,"3,803.00"
RLT_16,2024,6,10007,FIN,8002,80017,"1,772.00",PROD,8001,80007,PROD,"2,364.00"
RLT_16,2024,6,10007,FIN,8002,80007,"2,185.00",PROD,8000,70007,RM,"2,117.00"
RLT_16,2024,6,10007,FIN,8002,80007,"2,185.00",PROD,8000,90040,ADD,68.00
RLT_16,2024,6,10007,FIN,8002,80017,"1,772.00",PROD,8001,90039,ADD,98.00
RLT_16,2024,6,10007,FIN,8002,80077,988.00,PROD,8007,90037,ADD,32.00
RLT_16,2024,6,10007,FIN,8002,80077,988.00,PROD,8007,90038,ADD,11.00
RLT_16,2024,6,10007,FIN,8002,50007,764.00,PROD,8002,90035,ADD,45.00
RLT_16,2024,6,10007,FIN,8002,50007,764.00,PROD,8002,90036,ADD,20.00
RLT_16,2024,7,10007,FIN,8002,10007,"1,054.00",FIN,8002,50007,PROD,"1,054.00"
RLT_16,2024,7,10007,FIN,8002,50007,764.00,PROD,8002,80077,PROD,803.00
RLT_16,2024,7,10007,FIN,8002,80077,870.00,PROD,8007,80017,PROD,"3,842.00"
RLT_16,2024,7,10007,FIN,8002,80017,"1,773.00",PROD,8001,80007,PROD,"2,033.00"
RLT_16,2024,7,10007,FIN,8002,80007,"1,944.00",PROD,8000,70007,RM,"2,641.00"
RLT_16,2024,7,10007,FIN,8002,80007,"1,944.00",PROD,8000,90040,ADD,75.00
RLT_16,2024,7,10007,FIN,8002,80017,"1,773.00",PROD,8001,90039,ADD,94.00
RLT_16,2024,7,10007,FIN,8002,80077,870.00,PROD,8007,90037,ADD,32.00
RLT_16,2024,7,10007,FIN,8002,80077,870.00,PROD,8007,90038,ADD,10.00
RLT_16,2024,7,10007,FIN,8002,50007,764.00,PROD,8002,90035,ADD,49.00
RLT_16,2024,7,10007,FIN,8002,50007,764.00,PROD,8002,90036,ADD,20.00
RLT_16,2024,8,10007,FIN,8002,10007,"1,044.00",FIN,8002,50007,PROD,"1,044.00"
RLT_16,2024,8,10007,FIN,8002,50007,747.00,PROD,8002,80077,PROD,942.00
RLT_16,2024,8,10007,FIN,8002,80077,977.00,PROD,8007,80017,PROD,"3,835.00"
RLT_16,2024,8,10007,FIN,8002,80017,"1,922.00",PROD,8001,80007,PROD,"1,928.00"
RLT_16,2024,8,10007,FIN,8002,80007,"1,931.00",PROD,8000,70007,RM,"2,797.00"
RLT_16,2024,8,10007,FIN,8002,80007,"1,931.00",PROD,8000,90040,ADD,68.00
RLT_16,2024,8,10007,FIN,8002,80017,"1,922.00",PROD,8001,90039,ADD,99.00
RLT_16,2024,8,10007,FIN,8002,80077,977.00,PROD,8007,90037,ADD,29.00
RLT_16,2024,8,10007,FIN,8002,80077,977.00,PROD,8007,90038,ADD,10.00
RLT_16,2024,8,10007,FIN,8002,50007,747.00,PROD,8002,90035,ADD,47.00
RLT_16,2024,8,10007,FIN,8002,50007,747.00,PROD,8002,90036,ADD,19.00
RLT_16,2024,9,10007,FIN,8002,10007,941.00,FIN,8002,50007,PROD,941.00
RLT_16,2024,9,10007,FIN,8002,50007,861.00,PROD,8002,80077,PROD,"1,018.00"
RLT_16,2024,9,10007,FIN,8002,80077,958.00,PROD,8007,80017,PROD,"3,219.00"
RLT_16,2024,9,10007,FIN,8002,80017,"1,707.00",PROD,8001,80007,PROD,"2,108.00"
RLT_16,2024,9,10007,FIN,8002,80007,"1,950.00",PROD,8000,70007,RM,"2,429.00"
RLT_16,2024,9,10007,FIN,8002,80007,"1,950.00",PROD,8000,90040,ADD,66.00
RLT_16,2024,9,10007,FIN,8002,80017,"1,707.00",PROD,8001,90039,ADD,101.00
RLT_16,2024,9,10007,FIN,8002,80077,958.00,PROD,8007,90037,ADD,32.00
RLT_16,2024,9,10007,FIN,8002,80077,958.00,PROD,8007,90038,ADD,10.00
RLT_16,2024,9,10007,FIN,8002,50007,861.00,PROD,8002,90035,ADD,47.00
RLT_16,2024,9,10007,FIN,8002,50007,861.00,PROD,8002,90036,ADD,21.00
RLT_16,2024,10,10007,FIN,8002,10007,"1,049.00",FIN,8002,50007,PROD,"1,049.00"
RLT_16,2024,10,10007,FIN,8002,50007,810.00,PROD,8002,80077,PROD,876.00
RLT_16,2024,10,10007,FIN,8002,80077,811.00,PROD,8007,80017,PROD,"3,890.00"
RLT_16,2024,10,10007,FIN,8002,80017,"1,895.00",PROD,8001,80007,PROD,"2,103.00"
RLT_16,2024,10,10007,FIN,8002,80007,"2,045.00",PROD,8000,70007,RM,"2,287.00"
RLT_16,2024,10,10007,FIN,8002,80007,"2,045.00",PROD,8000,90040,ADD,67.00
RLT_16,2024,10,10007,FIN,8002,80017,"1,895.00",PROD,8001,90039,ADD,107.00
RLT_16,2024,10,10007,FIN,8002,80077,811.00,PROD,8007,90037,ADD,30.00
RLT_16,2024,10,10007,FIN,8002,80077,811.00,PROD,8007,90038,ADD,10.00
RLT_16,2024,10,10007,FIN,8002,50007,810.00,PROD,8002,90035,ADD,51.00
RLT_16,2024,10,10007,FIN,8002,50007,810.00,PROD,8002,90036,ADD,19.00
RLT_16,2024,11,10007,FIN,8002,10007,949.00,FIN,8002,50007,PROD,949.00
RLT_16,2024,11,10007,FIN,8002,50007,840.00,PROD,8002,80077,PROD,966.00
RLT_16,2024,11,10007,FIN,8002,80077,927.00,PROD,8007,80017,PROD,"3,601.00"
RLT_16,2024,11,10007,FIN,8002,80017,"1,946.00",PROD,8001,80007,PROD,"1,938.00"
RLT_16,2024,11,10007,FIN,8002,80007,"1,859.00",PROD,8000,70007,RM,"2,558.00"
RLT_16,2024,11,10007,FIN,8002,80007,"1,859.00",PROD,8000,90040,ADD,69.00
RLT_16,2024,11,10007,FIN,8002,80017,"1,946.00",PROD,8001,90039,ADD,100.00
RLT_16,2024,11,10007,FIN,8002,80077,927.00,PROD,8007,90037,ADD,30.00
RLT_16,2024,11,10007,FIN,8002,80077,927.00,PROD,8007,90038,ADD,10.00
RLT_16,2024,11,10007,FIN,8002,50007,840.00,PROD,8002,90035,ADD,49.00
RLT_16,2024,11,10007,FIN,8002,50007,840.00,PROD,8002,90036,ADD,20.00
RLT_16,2024,12,10007,FIN,8002,10007,"1,081.00",FIN,8002,50007,PROD,"1,081.00"
RLT_16,2024,12,10007,FIN,8002,50007,794.00,PROD,8002,80077,PROD,857.00
RLT_16,2024,12,10007,FIN,8002,80077,849.00,PROD,8007,80017,PROD,"3,822.00"
RLT_16,2024,12,10007,FIN,8002,80017,"1,780.00",PROD,8001,80007,PROD,"2,046.00"
RLT_16,2024,12,10007,FIN,8002,80007,"2,181.00",PROD,8000,70007,RM,"2,523.00"
RLT_16,2024,12,10007,FIN,8002,80007,"2,181.00",PROD,8000,90040,ADD,65.00
RLT_16,2024,12,10007,FIN,8002,80017,"1,780.00",PROD,8001,90039,ADD,102.00
RLT_16,2024,12,10007,FIN,8002,80077,849.00,PROD,8007,90037,ADD,27.00
RLT_16,2024,12,10007,FIN,8002,80077,849.00,PROD,8007,90038,ADD,9.00
RLT_16,2024,12,10007,FIN,8002,50007,794.00,PROD,8002,90035,ADD,51.00
RLT_16,2024,12,10007,FIN,8002,50007,794.00,PROD,8002,90036,ADD,21.00
RLT_16,2024,1,10008,FIN,8002,10008,"1,032.00",FIN,8002,50008,PROD,"1,032.00"
RLT_16,2024,1,10008,FIN,8002,50008,790.00,PROD,8002,80078,PROD,928.00
RLT_16,2024,1,10008,FIN,8002,80078,868.00,PROD,8007,80018,PROD,"3,471.00"
RLT_16,2024,1,10008,FIN,8002,80018,"1,825.00",PROD,8001,80008,PROD,"2,301.00"
RLT_16,2024,1,10008,FIN,8002,80008,"2,136.00",PROD,8000,70008,RM,"2,860.00"
RLT_16,2024,1,10008,FIN,8002,80008,"2,136.00",PROD,8000,90045,ADD,70.00
RLT_16,2024,1,10008,FIN,8002,80018,"1,825.00",PROD,8001,90044,ADD,92.00
RLT_16,2024,1,10008,FIN,8002,80078,868.00,PROD,8007,90042,ADD,32.00
RLT_16,2024,1,10008,FIN,8002,80078,868.00,PROD,8007,90043,ADD,9.00
RLT_16,2024,1,10008,FIN,8002,50008,790.00,PROD,8002,90040,ADD,52.00
RLT_16,2024,1,10008,FIN,8002,50008,790.00,PROD,8002,90041,ADD,18.00
RLT_16,2024,2,10008,FIN,8002,10008,"1,084.00",FIN,8002,50008,PROD,"1,084.00"
RLT_16,2024,2,10008,FIN,8002,50008,873.00,PROD,8002,80078,PROD,873.00
RLT_16,2024,2,10008,FIN,8002,80078,815.00,PROD,8007,80018,PROD,"3,812.00"
RLT_16,2024,2,10008,FIN,8002,80018,"1,820.00",PROD,8001,80008,PROD,"1,828.00"
RLT_16,2024,2,10008,FIN,8002,80008,"1,825.00",PROD,8000,70008,RM,"2,175.00"
RLT_16,2024,2,10008,FIN,8002,80008,"1,825.00",PROD,8000,90045,ADD,74.00
RLT_16,2024,2,10008,FIN,8002,80018,"1,820.00",PROD,8001,90044,ADD,99.00
RLT_16,2024,2,10008,FIN,8002,80078,815.00,PROD,8007,90042,ADD,29.00
RLT_16,2024,2,10008,FIN,8002,80078,815.00,PROD,8007,90043,ADD,11.00
RLT_16,2024,2,10008,FIN,8002,50008,873.00,PROD,8002,90040,ADD,52.00
RLT_16,2024,2,10008,FIN,8002,50008,873.00,PROD,8002,90041,ADD,20.00
RLT_16,2024,3,10008,FIN,8002,10008,"1,005.00",FIN,8002,50008,PROD,"1,005.00"
RLT_16,2024,3,10008,FIN,8002,50008,864.00,PROD,8002,80078,PROD,865.00
RLT_16,2024,3,10008,FIN,8002,80078,896.00,PROD,8007,80018,PROD,"3,058.00"
RLT_16,2024,3,10008,FIN,8002,80018,"1,647.00",PROD,8001,80008,PROD,"1,826.00"
RLT_16,2024,3,10008,FIN,8002,80008,"1,945.00",PROD,8000,70008,RM,"2,467.00"
RLT_16,2024,3,10008,FIN,8002,80008,"1,945.00",PROD,8000,90045,ADD,67.00
RLT_16,2024,3,10008,FIN,8002,80018,"1,647.00",PROD,8001,90044,ADD,101.00
RLT_16,2024,3,10008,FIN,8002,80078,896.00,PROD,8007,90042,ADD,28.00
RLT_16,2024,3,10008,FIN,8002,80078,896.00,PROD,8007,90043,ADD,10.00
RLT_16,2024,3,10008,FIN,8002,50008,864.00,PROD,8002,90040,ADD,49.00
RLT_16,2024,3,10008,FIN,8002,50008,864.00,PROD,8002,90041,ADD,20.00
RLT_16,2024,4,10008,FIN,8002,10008,984.00,FIN,8002,50008,PROD,984.00
RLT_16,2024,4,10008,FIN,8002,50008,774.00,PROD,8002,80078,PROD,917.00
RLT_16,2024,4,10008,FIN,8002,80078,859.00,PROD,8007,80018,PROD,"3,313.00"
RLT_16,2024,4,10008,FIN,8002,80018,"1,755.00",PROD,8001,80008,PROD,"2,106.00"
RLT_16,2024,4,10008,FIN,8002,80008,"2,023.00",PROD,8000,70008,RM,"2,525.00"
RLT_16,2024,4,10008,FIN,8002,80008,"2,023.00",PROD,8000,90045,ADD,76.00
RLT_16,2024,4,10008,FIN,8002,80018,"1,755.00",PROD,8001,90044,ADD,107.00
RLT_16,2024,4,10008,FIN,8002,80078,859.00,PROD,8007,90042,ADD,30.00
RLT_16,2024,4,10008,FIN,8002,80078,859.00,PROD,8007,90043,ADD,9.00
RLT_16,2024,4,10008,FIN,8002,50008,774.00,PROD,8002,90040,ADD,46.00
RLT_16,2024,4,10008,FIN,8002,50008,774.00,PROD,8002,90041,ADD,19.00
RLT_16,2024,5,10008,FIN,8002,10008,"1,005.00",FIN,8002,50008,PROD,"1,005.00"
RLT_16,2024,5,10008,FIN,8002,50008,851.00,PROD,8002,80078,PROD,970.00
RLT_16,2024,5,10008,FIN,8002,80078,924.00,PROD,8007,80018,PROD,"3,064.00"
RLT_16,2024,5,10008,FIN,8002,80018,"1,665.00",PROD,8001,80008,PROD,"2,127.00"
RLT_16,2024,5,10008,FIN,8002,80008,"2,063.00",PROD,8000,70008,RM,"2,372.00"
RLT_16,2024,5,10008,FIN,8002,80008,"2,063.00",PROD,8000,90045,ADD,73.00
RLT_16,2024,5,10008,FIN,8002,80018,"1,665.00",PROD,8001,90044,ADD,104.00
RLT_16,2024,5,10008,FIN,8002,80078,924.00,PROD,8007,90042,ADD,33.00
RLT_16,2024,5,10008,FIN,8002,80078,924.00,PROD,8007,90043,ADD,11.00
RLT_16,2024,5,10008,FIN,8002,50008,851.00,PROD,8002,90040,ADD,52.00
RLT_16,2024,5,10008,FIN,8002,50008,851.00,PROD,8002,90041,ADD,19.00
RLT_16,2024,6,10008,FIN,8002,10008,935.00,FIN,8002,50008,PROD,935.00
RLT_16,2024,6,10008,FIN,8002,50008,758.00,PROD,8002,80078,PROD,"1,059.00"
RLT_16,2024,6,10008,FIN,8002,80078,969.00,PROD,8007,80018,PROD,"4,276.00"
RLT_16,2024,6,10008,FIN,8002,80018,"1,979.00",PROD,8001,80008,PROD,"1,944.00"
RLT_16,2024,6,10008,FIN,8002,80008,"1,911.00",PROD,8000,70008,RM,"2,787.00"
RLT_16,2024,6,10008,FIN,8002,80008,"1,911.00",PROD,8000,90045,ADD,72.00
RLT_16,2024,6,10008,FIN,8002,80018,"1,979.00",PROD,8001,90044,ADD,109.00
RLT_16,2024,6,10008,FIN,8002,80078,969.00,PROD,8007,90042,ADD,28.00
RLT_16,2024,6,10008,FIN,8002,80078,969.00,PROD,8007,90043,ADD,10.00
RLT_16,2024,6,10008,FIN,8002,50008,758.00,PROD,8002,90040,ADD,54.00
RLT_16,2024,6,10008,FIN,8002,50008,758.00,PROD,8002,90041,ADD,20.00
RLT_16,2024,7,10008,FIN,8002,10008,973.00,FIN,8002,50008,PROD,973.00
RLT_16,2024,7,10008,FIN,8002,50008,798.00,PROD,8002,80078,PROD,867.00
RLT_16,2024,7,10008,FIN,8002,80078,855.00,PROD,8007,80018,PROD,"3,921.00"
RLT_16,2024,7,10008,FIN,8002,80018,"1,964.00",PROD,8001,80008,PROD,"1,943.00"
RLT_16,2024,7,10008,FIN,8002,80008,"1,865.00",PROD,8000,70008,RM,"2,936.00"
RLT_16,2024,7,10008,FIN,8002,80008,"1,865.00",PROD,8000,90045,ADD,73.00
RLT_16,2024,7,10008,FIN,8002,80018,"1,964.00",PROD,8001,90044,ADD,94.00
RLT_16,2024,7,10008,FIN,8002,80078,855.00,PROD,8007,90042,ADD,29.00
RLT_16,2024,7,10008,FIN,8002,80078,855.00,PROD,8007,90043,ADD,9.00
RLT_16,2024,7,10008,FIN,8002,50008,798.00,PROD,8002,90040,ADD,51.00
RLT_16,2024,7,10008,FIN,8002,50008,798.00,PROD,8002,90041,ADD,20.00
RLT_16,2024,8,10008,FIN,8002,10008,"1,034.00",FIN,8002,50008,PROD,"1,034.00"
RLT_16,2024,8,10008,FIN,8002,50008,844.00,PROD,8002,80078,PROD,868.00
RLT_16,2024,8,10008,FIN,8002,80078,830.00,PROD,8007,80018,PROD,"3,186.00"
RLT_16,2024,8,10008,FIN,8002,80018,"1,725.00",PROD,8001,80008,PROD,"1,904.00"
RLT_16,2024,8,10008,FIN,8002,80008,"1,941.00",PROD,8000,70008,RM,"2,655.00"
RLT_16,2024,8,10008,FIN,8002,80008,"1,941.00",PROD,8000,90045,ADD,64.00
RLT_16,2024,8,10008,FIN,8002,80018,"1,725.00",PROD,8001,90044,ADD,100.00
RLT_16,2024,8,10008,FIN,8002,80078,830.00,PROD,8007,90042,ADD,29.00
RLT_16,2024,8,10008,FIN,8002,80078,830.00,PROD,8007,90043,ADD,10.00
RLT_16,2024,8,10008,FIN,8002,50008,844.00,PROD,8002,90040,ADD,46.00
RLT_16,2024,8,10008,FIN,8002,50008,844.00,PROD,8002,90041,ADD,22.00
RLT_16,2024,9,10008,FIN,8002,10008,"1,040.00",FIN,8002,50008,PROD,"1,040.00"
RLT_16,2024,9,10008,FIN,8002,50008,720.00,PROD,8002,80078,PROD,982.00
RLT_16,2024,9,10008,FIN,8002,80078,977.00,PROD,8007,80018,PROD,"3,226.00"
RLT_16,2024,9,10008,FIN,8002,80018,"1,679.00",PROD,8001,80008,PROD,"1,910.00"
RLT_16,2024,9,10008,FIN,8002,80008,"1,924.00",PROD,8000,70008,RM,"2,434.00"
RLT_16,2024,9,10008,FIN,8002,80008,"1,924.00",PROD,8000,90045,ADD,71.00
RLT_16,2024,9,10008,FIN,8002,80018,"1,679.00",PROD,8001,90044,ADD,91.00
RLT_16,2024,9,10008,FIN,8002,80078,977.00,PROD,8007,90042,ADD,29.00
RLT_16,2024,9,10008,FIN,8002,80078,977.00,PROD,8007,90043,ADD,9.00
RLT_16,2024,9,10008,FIN,8002,50008,720.00,PROD,8002,90040,ADD,52.00
RLT_16,2024,9,10008,FIN,8002,50008,720.00,PROD,8002,90041,ADD,21.00
RLT_16,2024,10,10008,FIN,8002,10008,949.00,FIN,8002,50008,PROD,949.00
RLT_16,2024,10,10008,FIN,8002,50008,745.00,PROD,8002,80078,PROD,820.00
RLT_16,2024,10,10008,FIN,8002,80078,895.00,PROD,8007,80018,PROD,"3,258.00"
RLT_16,2024,10,10008,FIN,8002,80018,"1,686.00",PROD,8001,80008,PROD,"1,847.00"
RLT_16,2024,10,10008,FIN,8002,80008,"1,972.00",PROD,8000,70008,RM,"2,550.00"
RLT_16,2024,10,10008,FIN,8002,80008,"1,972.00",PROD,8000,90045,ADD,64.00
RLT_16,2024,10,10008,FIN,8002,80018,"1,686.00",PROD,8001,90044,ADD,103.00
RLT_16,2024,10,10008,FIN,8002,80078,895.00,PROD,8007,90042,ADD,27.00
RLT_16,2024,10,10008,FIN,8002,80078,895.00,PROD,8007,90043,ADD,11.00
RLT_16,2024,10,10008,FIN,8002,50008,745.00,PROD,8002,90040,ADD,48.00
RLT_16,2024,10,10008,FIN,8002,50008,745.00,PROD,8002,90041,ADD,22.00
RLT_16,2024,11,10008,FIN,8002,10008,"1,069.00",FIN,8002,50008,PROD,"1,069.00"
RLT_16,2024,11,10008,FIN,8002,50008,766.00,PROD,8002,80078,PROD,880.00
RLT_16,2024,11,10008,FIN,8002,80078,816.00,PROD,8007,80018,PROD,"3,251.00"
RLT_16,2024,11,10008,FIN,8002,80018,"1,709.00",PROD,8001,80008,PROD,"1,871.00"
RLT_16,2024,11,10008,FIN,8002,80008,"1,887.00",PROD,8000,70008,RM,"2,766.00"
RLT_16,2024,11,10008,FIN,8002,80008,"1,887.00",PROD,8000,90045,ADD,76.00
RLT_16,2024,11,10008,FIN,8002,80018,"1,709.00",PROD,8001,90044,ADD,100.00
RLT_16,2024,11,10008,FIN,8002,80078,816.00,PROD,8007,90042,ADD,32.00
RLT_16,2024,11,10008,FIN,8002,80078,816.00,PROD,8007,90043,ADD,11.00
RLT_16,2024,11,10008,FIN,8002,50008,766.00,PROD,8002,90040,ADD,49.00
RLT_16,2024,11,10008,FIN,8002,50008,766.00,PROD,8002,90041,ADD,22.00
RLT_16,2024,12,10008,FIN,8002,10008,957.00,FIN,8002,50008,PROD,957.00
RLT_16,2024,12,10008,FIN,8002,50008,820.00,PROD,8002,80078,PROD,998.00
RLT_16,2024,12,10008,FIN,8002,80078,972.00,PROD,8007,80018,PROD,"3,635.00"
RLT_16,2024,12,10008,FIN,8002,80018,"1,956.00",PROD,8001,80008,PROD,"1,909.00"
RLT_16,2024,12,10008,FIN,8002,80008,"1,905.00",PROD,8000,70008,RM,"2,521.00"
RLT_16,2024,12,10008,FIN,8002,80008,"1,905.00",PROD,8000,90045,ADD,63.00
RLT_16,2024,12,10008,FIN,8002,80018,"1,956.00",PROD,8001,90044,ADD,98.00
RLT_16,2024,12,10008,FIN,8002,80078,972.00,PROD,8007,90042,ADD,29.00
RLT_16,2024,12,10008,FIN,8002,80078,972.00,PROD,8007,90043,ADD,10.00
RLT_16,2024,12,10008,FIN,8002,50008,820.00,PROD,8002,90040,ADD,52.00
RLT_16,2024,12,10008,FIN,8002,50008,820.00,PROD,8002,90041,ADD,19.00
